schoolindex,school,y9,y10,y11,y12,y13,y14,y15,y16,y17,sum
1,기타 대학,0,0,1,0,0,0,0,0,0,1
1,기타 대학,2,5,3,7,4,3,3,4,0,31
1,건국대,0,1,2,1,3,5,3,2,0,17
1,경북대,1,0,0,0,0,0,1,0,0,2
1,경찰대,0,0,0,0,0,2,0,0,0,2
1,경희대,0,0,1,4,2,1,2,3,0,13
1,고려대,8,6,6,4,5,5,9,1,0,44
1,기타 대학,0,0,0,0,0,1,0,0,0,1
1,기타 대학,1,2,1,0,1,0,0,0,0,5
1,동국대,1,0,0,0,1,0,0,1,0,3
1,기타 대학,0,0,0,0,0,0,0,1,0,1
1,동아대,1,0,0,0,0,0,0,0,0,1
1,기타 대학,1,0,1,0,0,0,0,1,0,3
1,부산대,0,0,0,0,0,0,1,0,0,1
1,서강대,0,1,1,2,0,0,0,2,0,6
1,기타 대학,0,1,0,0,0,0,0,0,0,1
1,서울대,10,5,3,7,1,5,3,3,0,37
1,서울시립대,2,1,0,4,2,0,3,4,0,16
1,성균관대,3,1,2,2,6,4,0,0,0,18
1,기타 대학,0,0,0,1,1,1,1,2,0,6
1,기타 대학,0,0,1,0,0,0,1,0,0,2
1,숙명여대,0,2,3,0,2,0,1,0,0,8
1,기타 대학,0,0,0,0,0,0,0,1,0,1
1,연세대,4,5,6,3,4,2,1,3,0,28
1,이화여대,4,3,6,3,3,6,3,2,0,30
1,기타 대학,0,0,1,1,0,0,0,1,0,3
1,기타 대학,0,0,0,0,0,0,0,0,0,0
1,전남대,0,0,0,0,0,1,0,0,0,1
1,기타 대학,0,0,0,0,0,0,0,1,0,1
1,중앙대,0,2,1,0,1,1,0,2,0,7
1,충남대,0,0,0,0,1,0,0,0,0,1
1,기타 대학,0,1,0,0,0,0,0,0,0,1
1,기타 대학,0,0,0,0,0,0,1,0,0,1
1,한국외대,2,2,1,0,1,1,3,3,0,13
1,한동대,0,0,0,1,1,0,0,0,0,2
1,기타 대학,0,0,0,0,0,0,1,0,0,1
1,한양대,0,3,1,2,3,1,2,5,0,17
1,홍익대,0,0,0,1,0,0,1,1,0,3
1,해외대,0,0,0,0,0,1,0,0,0,1
1,기타 대학,0,0,0,0,0,0,0,0,2,2
1,기타 대학,0,0,0,0,0,0,0,0,2,2
1,건국대,0,0,0,0,0,0,0,0,3,3
1,경희대,0,0,0,0,0,0,0,0,6,6
1,고려대,0,0,0,0,0,0,0,0,3,3
1,기타 대학,0,0,0,0,0,0,0,0,1,1
1,동국대,0,0,0,0,0,0,0,0,2,2
1,기타 대학,0,0,0,0,0,0,0,0,1,1
1,기타 대학,0,0,0,0,0,0,0,0,1,1
1,서울대,0,0,0,0,0,0,0,0,1,1
1,성균관대,0,0,0,0,0,0,0,0,3,3
1,기타 대학,0,0,0,0,0,0,0,0,1,1
1,기타 대학,0,0,0,0,0,0,0,0,1,1
1,숙명여대,0,0,0,0,0,0,0,0,2,2
1,연세대,0,0,0,0,0,0,0,0,6,6
1,이화여대,0,0,0,0,0,0,0,0,1,1
1,기타 대학,0,0,0,0,0,0,0,0,1,1
1,전남대,0,0,0,0,0,0,0,0,1,1
1,한동대,0,0,0,0,0,0,0,0,1,1
1,기타 대학,0,0,0,0,0,0,0,0,2,2
1,한양대,0,0,0,0,0,0,0,0,2,2
1,홍익대,0,0,0,0,0,0,0,0,2,2
2,건국대,2,6,0,2,3,3,9,7,0,32
2,경찰대,0,0,0,0,0,1,0,0,0,1
2,경희대,0,2,0,1,3,0,0,0,0,6
2,고려대,6,6,6,5,12,6,2,2,0,45
2,기타 대학,0,0,0,0,0,0,0,1,0,1
2,기타 대학,0,0,0,0,0,1,0,0,0,1
2,기타 대학,0,0,0,0,0,1,0,0,0,1
2,동국대,0,0,0,0,0,0,0,1,0,1
2,부산대,0,0,1,0,0,0,0,0,0,1
2,서강대,1,0,5,0,1,1,3,3,0,14
2,서울대,11,3,3,5,0,8,8,4,0,42
2,서울시립대,0,0,2,1,3,0,0,0,0,6
2,성균관대,0,2,4,5,1,3,1,0,0,16
2,기타 대학,0,0,0,0,1,0,0,0,0,1
2,숙명여대,1,0,0,2,2,0,2,2,0,9
2,연세대,11,11,10,8,7,6,2,8,0,63
2,이화여대,2,3,2,6,5,4,7,8,0,37
2,기타 대학,0,1,0,1,0,0,0,0,0,2
2,기타 대학,0,0,1,0,0,0,0,0,0,1
2,중앙대,1,1,0,1,0,0,0,0,0,3
2,기타 대학,0,0,1,0,0,0,0,0,0,1
2,카이스트,0,3,0,0,0,0,0,0,0,3
2,기타 대학,0,1,1,0,1,0,0,0,0,3
2,기타 대학,0,0,0,0,1,0,0,0,0,1
2,한국외대,0,0,1,1,0,1,0,1,0,4
2,한동대,0,0,0,0,0,0,2,0,0,2
2,한양대,2,2,3,2,2,1,2,3,0,17
2,홍익대,1,0,1,0,1,0,1,1,0,5
2,해외대,0,0,1,0,0,0,0,0,0,1
2,해외대,0,0,0,0,0,0,0,1,0,1
2,해외대,1,0,0,0,0,0,0,0,0,1
2,해외대,1,0,0,0,0,0,0,0,0,1
2,해외대,0,1,0,0,0,0,0,0,0,1
2,해외대,0,0,1,0,0,0,0,0,0,1
2,해외대,0,0,0,1,0,0,0,0,0,1
2,해외대,0,0,0,1,0,1,0,1,0,3
2,해외대,0,0,0,1,0,0,0,0,0,1
2,해외대,0,0,0,1,0,0,0,0,0,1
2,해외대,0,0,0,0,0,1,0,0,0,1
2,해외대,0,0,0,0,0,1,0,0,0,1
2,해외대,0,0,0,0,0,0,1,0,0,1
2,해외대,0,0,0,0,0,0,1,0,0,1
3,건국대,0,2,2,3,0,1,0,1,0,9
3,경북대,29,27,29,35,23,21,22,20,0,206
3,기타 대학,1,0,0,0,0,0,0,1,0,2
3,기타 대학,0,1,0,0,0,0,0,0,0,1
3,경찰대,6,0,0,1,4,10,4,2,0,27
3,경희대,0,0,2,2,3,2,2,2,0,13
3,기타 대학,0,0,0,2,0,0,1,0,0,3
3,고려대,15,15,10,10,16,13,19,12,0,110
3,기타 대학,0,2,0,0,0,0,1,0,0,3
3,기타 대학,0,0,0,0,2,0,0,2,0,4
3,동국대,1,1,1,3,0,2,0,0,0,8
3,기타 대학,0,0,0,0,1,0,0,0,0,1
3,기타 대학,1,0,0,0,0,0,0,0,0,1
3,부산대,1,1,2,2,0,0,0,0,0,6
3,기타 대학,0,0,0,1,0,0,0,0,0,1
3,서강대,0,5,3,1,3,2,3,3,0,20
3,기타 대학,0,0,0,1,0,0,0,0,0,1
3,기타 대학,0,0,1,0,0,0,1,1,0,3
3,서울대,20,16,8,8,7,12,16,13,0,100
3,서울시립대,1,0,2,0,3,5,0,0,0,11
3,성균관대,3,15,9,9,14,8,10,10,0,78
3,숙명여대,0,1,3,2,2,0,0,4,0,12
3,기타 대학,0,0,0,0,0,0,0,1,0,1
3,기타 대학,1,1,0,1,0,1,0,0,0,4
3,연세대,12,10,15,7,8,17,16,21,0,106
3,기타 대학,0,0,0,1,4,3,0,1,0,9
3,기타 대학,0,0,0,0,0,2,0,0,0,2
3,기타 대학,1,0,0,0,0,0,0,0,0,1
3,기타 대학,0,0,0,0,0,0,2,0,0,2
3,기타 대학,0,1,0,0,0,0,0,0,0,1
3,기타 대학,0,0,0,0,0,0,1,0,0,1
3,이화여대,8,5,8,4,8,9,6,6,0,54
3,기타 대학,0,0,0,1,0,0,0,0,0,1
3,전북대,0,0,0,1,0,0,0,0,0,1
3,기타 대학,0,0,0,1,0,0,0,0,0,1
3,중앙대,1,4,5,3,8,0,3,7,0,31
3,기타 대학,1,0,0,1,0,0,0,0,0,2
3,기타 대학,0,0,0,0,1,0,0,0,0,1
3,충남대,1,1,0,2,1,0,0,0,0,5
3,기타 대학,0,1,1,0,0,0,0,0,0,2
3,기타 대학,0,0,0,1,0,0,0,0,0,1
3,기타 대학,1,0,0,0,0,0,1,0,0,2
3,카이스트,1,2,0,0,0,0,1,0,0,4
3,기타 대학,0,1,1,0,0,0,0,0,0,2
3,기타 대학,0,0,0,0,0,1,0,0,0,1
3,한국외대,0,4,4,5,1,3,3,1,0,21
3,기타 대학,1,0,1,1,0,0,0,0,0,3
3,기타 대학,0,0,0,1,0,0,0,0,0,1
3,한동대,2,2,1,2,1,0,3,5,0,16
3,한양대,10,7,9,16,13,9,9,17,0,90
3,홍익대,2,2,3,0,1,0,2,2,0,12
3,해외대,0,0,0,0,0,1,0,0,0,1
3,해외대,0,1,0,0,0,0,0,0,0,1
3,해외대,0,1,0,0,0,0,0,0,0,1
3,해외대,0,1,0,0,0,0,0,0,0,1
3,해외대,0,0,1,0,0,0,0,0,0,1
3,해외대,0,0,0,0,1,0,0,0,0,1
3,해외대,0,0,0,0,0,1,0,0,0,1
4,경북대,0,0,1,0,0,0,0,0,0,1
4,기타 대학,0,0,0,0,0,0,0,1,0,1
4,경찰대,0,3,2,1,2,1,3,0,0,12
4,경희대,9,9,11,14,12,14,11,11,0,91
4,고려대,10,15,9,14,6,9,13,8,0,84
4,기타 대학,0,0,1,0,0,0,0,0,0,1
4,기타 대학,0,0,0,1,0,1,0,0,0,2
4,기타 대학,0,1,0,0,0,0,0,0,0,1
4,동국대,0,0,0,0,2,0,2,2,0,6
4,부산대,0,0,0,0,0,1,0,0,0,1
4,서강대,0,1,1,3,2,2,2,1,0,12
4,기타 대학,0,0,1,0,0,0,0,0,0,1
4,서울대,20,11,11,6,6,8,8,9,0,79
4,서울시립대,0,0,1,0,0,0,0,0,0,1
4,성균관대,3,0,4,2,3,2,1,5,0,20
4,기타 대학,1,0,0,0,0,0,0,0,0,1
4,숙명여대,0,0,1,1,1,0,2,4,0,9
4,기타 대학,0,1,0,0,1,0,0,0,0,2
4,연세대,10,11,6,8,12,8,14,14,0,83
4,이화여대,0,1,3,9,6,6,1,3,0,29
4,기타 대학,0,0,0,1,0,0,0,0,0,1
4,전북대,1,0,0,0,0,0,0,0,0,1
4,중앙대,0,1,0,0,0,0,0,1,0,2
4,기타 대학,1,0,0,0,0,1,0,0,0,2
4,카이스트,1,2,1,0,0,3,0,1,0,8
4,기타 대학,0,0,2,0,0,0,0,2,0,4
4,한국외대,1,0,0,0,1,0,1,0,0,3
4,기타 대학,0,0,0,0,0,0,1,0,0,1
4,한동대,0,1,2,2,0,1,0,0,0,6
4,기타 대학,2,4,4,1,8,4,3,0,0,26
4,한양대,0,0,0,1,1,1,0,1,0,4
4,홍익대,0,0,0,0,0,1,0,3,0,4
4,해외대,1,0,0,0,0,0,0,0,0,1
4,해외대,0,0,1,0,0,0,0,0,0,1
5,경북대,0,0,0,0,1,0,0,0,0,1
5,경찰대,3,3,1,2,1,1,4,1,0,16
5,경희대,0,0,1,0,0,0,0,0,0,1
5,고려대,57,50,60,68,82,55,59,63,0,494
5,부산대,1,0,0,0,0,1,0,0,0,2
5,서강대,0,2,1,0,0,0,1,1,0,5
5,서울대,48,43,37,35,24,43,47,35,0,312
5,성균관대,0,0,0,0,0,1,0,0,0,1
5,연세대,5,9,8,8,7,11,4,6,0,58
5,기타 대학,0,1,0,0,0,0,0,0,0,1
5,이화여대,1,4,2,1,1,2,2,4,0,17
5,기타 대학,0,0,0,1,0,0,0,0,0,1
5,기타 대학,0,1,0,0,0,0,0,0,0,1
5,기타 대학,2,2,3,1,2,0,1,0,0,11
5,카이스트,2,6,8,3,5,2,1,7,0,34
5,기타 대학,0,0,0,0,0,0,0,1,0,1
5,기타 대학,0,0,0,0,0,0,1,0,0,1
5,한양대,1,2,0,1,1,1,1,3,0,10
5,해외대,1,1,0,0,0,0,0,0,0,2
5,해외대,0,0,0,0,0,1,0,0,0,1
5,해외대,0,0,1,0,0,0,0,0,0,1
5,해외대,0,0,0,1,0,0,0,0,0,1
5,해외대,0,0,0,1,0,0,0,0,0,1
5,해외대,0,0,1,0,0,0,0,0,0,1
5,해외대,0,0,0,1,0,0,0,0,0,1
5,해외대,0,0,0,0,1,0,0,0,0,1
5,해외대,0,0,0,0,0,1,0,0,0,1
5,해외대,0,0,0,0,0,2,0,0,0,2
5,해외대,0,0,0,0,0,1,0,0,0,1
5,해외대,0,0,0,0,0,1,0,0,0,1
5,해외대,0,0,0,0,0,1,0,0,0,1
5,해외대,0,0,0,0,0,1,0,0,0,1
5,해외대,0,0,0,0,0,1,0,0,0,1
5,해외대,0,0,0,0,0,1,0,0,0,1
5,해외대,0,0,0,0,0,0,1,0,0,1
5,해외대,0,0,0,0,0,0,1,0,0,1
5,해외대,0,0,0,0,0,0,1,0,0,1
5,해외대,0,0,0,0,0,0,1,0,0,1
5,해외대,0,0,0,0,0,0,1,0,0,1
5,해외대,0,0,0,0,0,0,0,2,0,2
5,해외대,0,0,0,0,0,0,0,1,0,1
5,해외대,0,0,0,0,0,0,0,1,0,1
5,해외대,0,0,0,0,0,0,0,1,0,1
5,해외대,0,0,0,0,0,0,0,1,0,1
6,기타 대학,2,0,3,3,1,0,0,0,0,9
6,기타 대학,1,4,1,1,0,0,1,0,0,8
6,기타 대학,0,1,0,0,0,0,0,0,0,1
6,이화여대,4,10,5,4,3,2,7,6,0,41
6,기타 대학,0,0,0,0,0,0,0,1,0,1
6,기타 대학,1,0,0,0,0,0,0,0,0,1
6,기타 대학,0,1,0,0,1,0,0,0,0,2
6,전남대,2,0,0,0,0,0,1,0,0,3
6,전북대,0,1,0,0,0,0,0,0,0,1
6,중앙대,0,1,2,0,2,0,1,1,0,7
6,기타 대학,0,1,0,0,0,0,0,1,0,2
6,기타 대학,0,0,0,0,1,0,0,1,0,2
6,충남대,0,0,0,1,0,1,0,0,0,2
6,기타 대학,0,0,1,0,0,0,0,1,0,2
5,카이스트,0,0,0,0,0,0,0,0,2,2
6,기타 대학,0,0,1,0,0,0,0,0,0,1
6,기타 대학,0,1,1,0,0,0,0,0,0,2
6,기타 대학,0,0,0,0,0,0,1,0,0,1
6,한국외대,4,1,1,3,3,3,1,1,0,17
6,기타 대학,0,0,0,1,0,0,0,0,0,1
6,기타 대학,1,1,0,3,0,0,0,1,0,6
6,기타 대학,0,0,0,1,0,0,0,0,0,1
6,한동대,2,0,0,1,1,0,0,0,0,4
6,한양대,3,3,6,8,6,11,2,3,0,42
6,홍익대,5,1,0,0,0,0,1,2,0,9
5,해외대,0,0,0,0,0,0,0,0,2,2
6,기타 대학,0,0,0,0,0,1,0,0,0,1
5,해외대,0,0,0,0,0,0,0,0,1,1
6,기타 대학,0,0,0,0,2,0,0,0,0,2
5,해외대,0,0,0,0,0,0,0,0,1,1
6,카이스트,0,0,1,0,0,0,1,0,0,2
6,해외대,0,0,0,0,0,0,1,0,0,1
6,해외대,0,0,0,1,0,0,0,0,0,1
6,해외대,0,0,0,0,0,0,0,1,0,1
6,해외대,0,0,0,0,0,0,0,2,0,2
6,해외대,0,1,0,0,0,0,0,0,0,1
6,해외대,0,0,0,1,0,0,0,0,0,1
6,해외대,0,0,1,0,0,0,0,0,0,1
6,해외대,0,1,0,0,0,0,0,0,0,1
6,해외대,0,0,0,1,0,0,0,0,0,1
6,해외대,0,0,0,1,0,0,0,0,0,1
6,해외대,0,0,0,1,1,0,0,0,0,2
6,해외대,0,0,0,1,0,0,0,0,0,1
6,해외대,0,0,1,0,0,0,0,0,0,1
6,해외대,0,0,0,1,0,1,0,0,0,2
6,해외대,0,1,0,0,1,0,0,0,0,2
6,해외대,0,0,0,0,1,0,0,0,0,1
6,해외대,0,0,0,0,1,0,0,0,0,1
6,해외대,0,0,0,0,1,0,0,0,0,1
6,해외대,0,0,0,0,1,0,0,0,0,1
6,해외대,0,0,0,0,0,1,0,0,0,1
6,해외대,0,0,0,0,0,0,1,0,0,1
7,숙명여대,0,0,0,1,0,0,1,0,0,2
7,기타 대학,0,0,0,0,1,0,0,0,0,1
7,연세대,18,12,21,15,19,17,20,34,0,156
7,기타 대학,0,0,0,0,0,0,1,0,0,1
7,기타 대학,1,0,0,0,0,0,0,0,0,1
7,기타 대학,0,1,1,0,1,0,0,1,0,4
7,이화여대,8,11,8,8,8,12,10,5,0,70
7,기타 대학,0,1,1,0,0,0,0,0,0,2
7,전남대,0,1,0,0,0,0,0,0,0,1
7,기타 대학,0,1,0,0,0,0,0,0,0,1
7,중앙대,1,1,1,1,3,1,2,0,0,10
7,기타 대학,0,0,0,0,1,0,0,0,0,1
7,충남대,0,0,1,0,0,0,0,0,0,1
7,기타 대학,0,0,0,1,1,0,0,0,0,2
7,기타 대학,1,0,0,1,1,0,0,0,0,3
6,해외대,0,0,0,0,0,0,1,0,0,1
7,기타 대학,0,0,0,1,0,0,0,0,0,1
7,한국외대,1,2,0,2,0,2,4,1,0,12
7,기타 대학,0,0,0,0,1,0,0,0,0,1
7,기타 대학,1,3,0,3,2,1,2,1,0,13
7,한동대,0,0,1,0,2,3,0,0,0,6
7,한양대,2,3,10,6,7,6,11,9,0,54
6,해외대,0,0,0,0,0,0,0,1,0,1
6,해외대,0,0,0,0,0,0,0,2,0,2
6,해외대,0,0,0,0,0,0,0,1,0,1
6,해외대,0,0,0,0,0,0,0,0,1,1
6,해외대,0,0,0,0,0,0,0,0,1,1
6,해외대,0,0,0,0,0,0,0,0,1,1
7,기타 대학,0,0,0,0,1,0,0,0,0,1
7,건국대,0,0,0,0,0,1,2,0,0,3
7,경북대,1,0,0,2,0,1,0,0,0,4
7,경찰대,0,0,0,0,0,0,1,1,0,2
7,경희대,0,0,0,1,0,1,1,0,0,3
7,기타 대학,0,1,0,0,0,0,0,0,0,1
7,고려대,23,19,23,23,18,17,15,16,0,154
7,기타 대학,0,0,0,1,0,0,0,0,0,1
7,기타 대학,0,0,0,1,0,0,0,0,0,1
7,동국대,0,0,0,1,0,0,1,2,0,4
7,동아대,1,2,0,0,1,0,1,1,0,6
7,기타 대학,0,0,1,0,0,2,1,0,0,4
7,기타 대학,0,1,0,0,0,0,0,0,0,1
7,부산대,37,40,35,37,34,13,23,24,0,243
7,서강대,2,2,1,1,5,9,4,6,0,30
7,서울대,16,19,13,12,14,26,16,14,0,130
7,서울시립대,0,0,0,2,0,0,0,0,0,2
7,성균관대,6,6,9,6,5,9,9,7,0,57
8,경북대,0,0,0,0,0,1,0,0,0,1
8,경찰대,0,0,0,0,1,0,0,0,0,1
8,경희대,0,0,0,1,2,0,1,0,0,4
8,고려대,6,7,5,12,6,8,8,9,0,61
8,동국대,0,0,0,0,0,1,0,0,0,1
8,서강대,17,9,8,7,7,7,3,4,0,62
8,서울대,10,11,9,5,9,6,12,13,0,75
8,성균관대,1,1,2,0,0,0,1,2,0,7
8,기타 대학,0,0,0,0,0,0,0,1,0,1
8,연세대,4,12,15,16,15,15,13,10,0,100
8,이화여대,0,0,1,1,1,2,1,2,0,8
6,해외대,0,0,0,0,0,0,0,0,1,1
8,기타 대학,0,0,0,0,0,0,1,0,0,1
8,기타 대학,0,0,0,0,1,0,0,0,0,1
8,한국외대,0,1,1,0,0,0,0,0,0,2
8,한양대,1,0,1,0,1,0,0,0,0,3
6,해외대,0,0,0,0,0,0,0,0,1,1
6,해외대,0,0,0,0,0,0,0,0,1,1
6,해외대,0,0,0,0,0,0,0,0,2,2
6,해외대,0,0,0,0,0,0,0,0,1,1
6,해외대,0,0,0,0,0,0,0,0,1,1
9,기타 대학,0,0,0,0,0,0,0,1,0,1
9,기타 대학,0,1,0,0,0,0,0,0,0,1
9,건국대,0,0,0,0,0,0,0,1,0,1
9,경북대,1,0,0,0,0,0,0,0,0,1
9,경찰대,2,1,1,1,1,3,3,3,0,15
9,경희대,0,1,0,0,0,1,0,0,0,2
9,고려대,18,16,21,26,27,16,13,17,0,154
9,기타 대학,0,0,0,0,1,0,0,0,0,1
9,부산대,1,0,0,0,0,0,0,0,0,1
9,서강대,1,0,0,0,0,1,1,0,0,3
9,서울대,100,99,103,102,102,100,100,99,0,805
9,서울시립대,0,0,0,1,0,0,0,0,0,1
9,성균관대,0,1,0,1,2,1,3,0,0,8
9,숙명여대,0,0,0,0,0,1,0,0,0,1
9,연세대,9,18,15,12,10,16,18,20,0,118
9,기타 대학,0,0,0,0,1,0,0,0,0,1
9,이화여대,1,1,0,0,1,0,0,2,0,5
9,기타 대학,0,1,0,0,0,0,0,0,0,1
9,중앙대,0,2,0,0,0,1,0,0,0,3
9,충남대,0,0,0,0,0,0,1,0,0,1
9,기타 대학,1,0,0,0,0,0,0,0,0,1
9,기타 대학,1,2,3,2,2,1,2,0,0,13
7,카이스트,1,1,2,0,1,0,0,1,0,6
9,한국외대,0,0,0,0,0,0,1,0,0,1
9,한양대,0,0,1,0,2,0,2,2,0,7
9,홍익대,1,0,0,0,0,0,0,1,0,2
7,해외대,0,1,0,0,0,0,1,1,0,3
9,기타 대학,0,0,0,1,0,0,0,0,0,1
7,해외대,0,0,0,0,1,0,0,0,0,1
7,해외대,0,0,0,0,1,0,0,0,0,1
7,해외대,0,0,0,0,0,1,0,0,0,1
7,해외대,0,0,0,0,0,0,1,0,0,1
7,해외대,0,0,0,0,0,0,0,1,0,1
7,해외대,0,0,0,0,0,0,0,0,1,1
8,카이스트,1,2,0,0,0,1,0,2,0,6
8,해외대,0,0,0,0,0,1,0,0,0,1
8,해외대,0,0,1,0,0,0,0,0,0,1
8,해외대,0,0,0,0,1,0,0,0,0,1
8,해외대,0,0,0,0,0,0,1,0,0,1
8,해외대,0,0,0,0,0,0,0,1,0,1
9,카이스트,8,7,4,4,2,6,6,4,0,41
9,해외대,0,1,0,0,0,0,0,0,0,1
9,해외대,1,0,0,0,0,0,0,0,0,1
9,해외대,1,0,0,0,0,1,0,0,0,2
9,해외대,2,0,2,0,0,0,1,0,0,5
9,해외대,0,1,1,1,0,1,1,1,0,6
10,기타 대학,0,0,0,0,0,0,1,0,0,1
10,건국대,0,0,1,1,0,1,0,0,0,3
10,경북대,0,1,0,0,0,0,0,0,0,1
10,경찰대,2,0,0,1,0,0,0,0,0,3
10,경희대,0,0,0,1,0,0,1,0,0,2
10,고려대,7,9,13,10,8,0,9,6,0,62
10,기타 대학,0,0,0,0,0,1,0,1,0,2
10,기타 대학,0,0,0,1,1,1,1,1,0,5
10,기타 대학,0,0,0,0,0,0,0,1,0,1
10,동국대,0,0,1,0,0,0,1,0,0,2
10,부산대,1,1,0,1,1,0,0,0,0,4
10,서강대,3,0,0,0,0,4,1,1,0,9
10,서울대,11,25,13,14,9,13,14,14,0,113
10,서울시립대,13,8,6,5,14,5,11,9,0,71
10,성균관대,3,1,6,2,3,3,0,1,0,19
10,숙명여대,0,0,0,1,0,1,0,1,0,3
10,기타 대학,2,0,0,0,1,0,0,0,0,3
10,연세대,2,3,7,8,10,9,10,8,0,57
10,기타 대학,0,0,0,1,0,0,0,0,0,1
10,이화여대,1,2,2,0,1,6,2,2,0,16
10,기타 대학,1,1,0,0,0,0,0,1,0,3
10,기타 대학,0,0,0,1,0,1,0,0,0,2
10,중앙대,0,2,0,2,0,0,0,0,0,4
10,충남대,1,0,0,0,0,1,0,0,0,2
9,해외대,0,0,1,0,0,0,0,1,0,2
10,기타 대학,0,0,0,0,0,1,0,0,0,1
10,한국외대,0,0,0,1,1,0,1,0,0,3
10,한동대,0,0,0,0,0,0,0,2,0,2
10,한양대,1,1,0,3,0,3,3,2,0,13
10,홍익대,0,0,0,0,0,0,0,2,0,2
9,해외대,0,1,0,0,1,0,0,0,0,2
11,기타 대학,0,0,0,1,0,0,0,1,0,2
11,건국대,0,1,3,0,1,1,1,0,0,7
11,경북대,3,1,2,0,1,0,0,0,0,7
11,기타 대학,0,0,0,0,1,0,0,0,0,1
11,경찰대,1,0,0,0,0,1,3,4,0,9
11,경희대,0,2,4,3,1,1,1,2,0,14
11,고려대,12,16,14,19,6,5,8,4,0,84
11,기타 대학,1,0,0,0,0,0,0,0,0,1
11,기타 대학,0,0,0,0,0,0,0,1,0,1
11,동국대,0,1,0,0,0,0,0,0,0,1
11,기타 대학,0,0,1,0,0,0,0,0,0,1
11,기타 대학,0,0,1,0,0,0,0,0,0,1
11,부산대,0,1,3,1,2,1,0,1,0,9
11,기타 대학,1,0,0,0,0,0,0,0,0,1
11,서강대,4,3,4,2,2,1,1,5,0,22
11,기타 대학,1,0,0,0,0,0,0,0,0,1
11,서울대,50,38,16,30,31,26,31,34,0,256
11,서울시립대,1,1,1,2,0,2,0,1,0,8
11,성균관대,18,19,27,36,63,64,51,38,0,316
11,기타 대학,0,0,0,0,0,0,0,1,0,1
11,기타 대학,0,0,1,0,0,0,0,0,0,1
11,숙명여대,0,0,2,0,0,1,0,0,0,3
11,기타 대학,1,1,2,0,0,0,0,0,0,4
11,연세대,8,18,12,12,7,7,16,14,0,94
11,기타 대학,1,0,0,1,0,0,0,0,0,2
11,기타 대학,0,0,1,0,0,0,0,0,0,1
11,기타 대학,0,0,0,2,0,0,0,0,0,2
11,이화여대,1,2,11,0,2,4,4,3,0,27
11,기타 대학,0,0,1,0,0,0,0,0,0,1
11,전남대,0,1,0,1,0,0,0,0,0,2
11,기타 대학,0,0,1,0,0,0,0,0,0,1
11,중앙대,0,2,2,2,1,2,2,4,0,15
11,기타 대학,0,1,0,0,0,0,0,0,0,1
11,충남대,0,1,1,0,0,0,0,0,0,2
11,기타 대학,4,1,0,0,1,2,0,0,0,8
11,기타 대학,0,0,0,0,1,0,1,0,0,2
9,해외대,1,0,0,0,0,0,0,0,0,1
11,한국외대,2,3,5,4,1,0,1,1,0,17
11,한동대,0,1,2,0,1,0,0,1,0,5
11,한양대,1,2,5,0,1,3,0,4,0,16
11,기타 대학,0,0,0,0,0,1,0,0,0,1
11,홍익대,0,0,0,0,1,0,0,0,0,1
9,해외대,0,1,1,0,0,0,0,0,0,2
9,해외대,0,1,0,0,0,1,1,0,0,3
9,해외대,0,0,0,1,0,0,0,1,0,2
9,해외대,0,0,0,1,1,1,0,0,0,3
9,해외대,0,0,1,0,0,0,0,0,0,1
9,해외대,1,0,0,0,0,0,0,0,0,1
9,해외대,0,0,1,0,0,0,0,0,0,1
9,해외대,0,0,0,0,1,0,0,0,0,1
9,해외대,0,0,0,0,0,1,0,0,0,1
9,해외대,0,0,0,0,0,1,0,0,0,1
9,해외대,0,0,0,0,0,0,0,1,0,1
9,해외대,0,0,0,0,0,0,0,0,4,4
10,카이스트,0,0,1,0,1,0,0,1,0,3
10,해외대,0,0,0,0,1,0,0,0,0,1
11,카이스트,10,4,1,3,1,0,3,2,0,24
11,해외대,0,0,0,0,1,0,1,1,0,3
11,해외대,0,0,0,1,0,0,2,0,0,3
11,해외대,0,0,1,0,0,0,0,0,0,1
11,해외대,0,0,0,1,0,0,0,0,0,1
12,건국대,1,0,0,0,1,0,0,0,0,2
12,경북대,0,1,0,0,0,0,0,0,0,1
12,기타 대학,0,1,0,0,0,0,0,0,0,1
12,경찰대,1,0,1,1,0,2,0,0,0,5
12,경희대,1,0,0,1,2,2,0,2,0,8
12,고려대,7,11,10,7,9,10,14,7,0,75
12,기타 대학,0,0,0,0,1,0,0,0,0,1
12,기타 대학,0,0,0,0,1,0,0,0,0,1
12,기타 대학,0,0,0,0,1,0,0,1,0,2
12,기타 대학,0,0,1,0,0,0,0,0,0,1
12,기타 대학,0,0,0,0,1,0,0,0,0,1
12,동국대,0,0,0,0,0,0,0,1,0,1
12,기타 대학,0,0,0,0,0,0,0,1,0,1
12,서강대,4,3,6,7,6,2,5,5,0,38
12,서울대,7,8,4,12,7,10,11,10,0,69
12,서울시립대,1,0,0,0,0,0,1,0,0,2
12,기타 대학,1,0,0,0,0,0,0,0,0,1
12,성균관대,1,4,6,6,4,3,4,5,0,33
12,기타 대학,0,0,0,0,0,0,0,1,0,1
12,숙명여대,1,1,0,1,1,0,1,1,0,6
12,기타 대학,2,4,6,4,3,5,4,4,0,32
12,연세대,11,9,8,8,6,9,4,6,0,61
12,기타 대학,0,1,0,0,0,0,0,0,0,1
12,기타 대학,1,0,0,0,0,0,0,0,0,1
12,기타 대학,1,0,0,1,0,1,0,0,0,3
12,기타 대학,0,0,0,0,0,0,0,1,0,1
12,기타 대학,0,0,1,0,0,0,0,0,0,1
12,이화여대,2,7,2,3,7,0,3,0,0,24
12,기타 대학,0,0,1,0,0,0,0,0,0,1
12,기타 대학,1,0,0,0,0,0,0,1,0,2
12,기타 대학,0,0,1,0,0,0,0,0,0,1
12,기타 대학,0,0,1,0,0,0,0,0,0,1
12,중앙대,2,0,2,0,0,1,0,3,0,8
11,해외대,0,0,0,1,0,0,0,0,0,1
12,기타 대학,0,0,0,0,0,0,0,1,0,1
12,한국외대,2,0,1,0,0,1,0,0,0,4
12,한동대,1,0,0,0,0,0,0,0,0,1
12,한양대,2,2,3,3,2,3,4,2,0,21
12,홍익대,0,1,1,1,1,0,0,1,0,5
11,해외대,0,0,0,1,0,0,0,0,0,1
11,해외대,0,1,0,0,0,0,0,0,0,1
13,서울시립대,0,1,0,1,0,2,0,0,0,4
13,성균관대,0,1,0,3,1,0,1,1,0,7
13,기타 대학,0,0,0,0,0,0,1,0,0,1
13,숙명여대,1,0,1,1,0,0,0,0,0,3
13,기타 대학,0,0,1,0,0,0,0,0,0,1
13,연세대,66,62,69,59,63,71,67,71,0,528
13,이화여대,2,6,6,2,2,1,2,0,0,21
13,전남대,0,1,0,1,0,0,0,0,0,2
13,중앙대,0,0,1,0,0,0,0,0,0,1
13,충남대,0,1,0,0,0,0,0,0,0,1
13,기타 대학,0,2,2,2,3,2,0,1,0,12
13,기타 대학,0,0,0,1,0,0,1,0,0,2
11,해외대,0,1,0,0,0,0,0,0,0,1
13,기타 대학,0,0,0,0,0,0,1,0,0,1
13,한국외대,1,0,1,0,0,1,1,0,0,4
13,한동대,0,0,0,0,2,0,0,0,0,2
13,한양대,1,0,1,1,5,2,2,6,0,18
13,홍익대,0,0,0,0,0,0,0,1,0,1
11,해외대,0,0,0,1,0,0,0,0,0,1
11,해외대,0,1,0,0,0,0,0,0,0,1
11,해외대,0,0,0,0,0,1,0,0,0,1
11,해외대,0,0,0,0,0,1,0,0,0,1
11,해외대,0,0,0,0,0,1,0,0,0,1
11,해외대,0,0,0,0,0,0,0,1,0,1
11,해외대,0,0,0,0,0,0,0,1,0,1
11,해외대,0,0,0,0,0,0,0,1,0,1
11,해외대,0,0,0,0,0,0,0,1,0,1
11,해외대,0,0,0,0,0,0,0,1,0,1
11,해외대,0,0,0,0,0,0,0,1,0,1
11,카이스트,0,0,0,0,0,0,0,0,1,1
11,해외대,0,0,0,0,0,0,0,0,1,1
12,카이스트,0,1,0,0,0,1,0,0,0,2
12,해외대,0,0,0,0,0,0,0,2,0,2
12,해외대,0,0,0,0,0,1,0,0,0,1
13,기타 대학,0,0,0,0,1,0,0,0,0,1
13,건국대,0,0,0,0,0,0,1,0,0,1
13,경찰대,1,1,3,0,1,3,2,2,0,13
13,경희대,0,2,1,1,0,0,0,0,0,4
13,기타 대학,0,0,0,0,0,0,0,1,0,1
13,고려대,0,6,5,13,4,5,3,5,0,41
13,서강대,0,1,1,1,2,0,0,3,0,8
13,기타 대학,0,0,0,0,1,0,0,0,0,1
13,서울대,39,32,31,25,31,36,40,29,0,263
14,건국대,2,0,0,2,0,1,2,0,0,7
14,경북대,7,1,3,4,7,4,2,1,0,29
14,기타 대학,0,0,0,1,0,1,0,0,0,2
14,경찰대,0,0,0,0,0,0,0,1,0,1
14,경희대,5,5,2,4,4,4,3,3,0,30
14,기타 대학,1,0,1,0,2,0,0,0,0,4
14,고려대,6,11,14,16,10,8,6,10,0,81
14,기타 대학,1,0,0,0,0,1,0,0,0,2
14,기타 대학,0,0,0,1,0,0,2,1,0,4
14,기타 대학,0,0,0,0,0,1,0,0,0,1
14,기타 대학,0,0,0,0,1,0,0,0,0,1
14,기타 대학,0,0,1,1,1,0,1,0,0,4
14,동국대,0,1,1,1,1,2,0,3,0,9
14,동아대,0,0,0,1,1,0,0,1,0,3
14,부산대,2,1,1,4,3,2,5,2,0,20
14,기타 대학,0,1,0,0,0,0,0,0,0,1
14,서강대,2,1,3,1,0,0,0,1,0,8
14,서울대,5,17,10,11,8,5,5,8,0,69
14,서울시립대,1,0,1,0,1,1,2,1,0,7
14,성균관대,5,7,5,5,6,13,1,8,0,50
14,숙명여대,1,0,1,1,0,0,1,0,0,4
14,기타 대학,0,1,0,1,2,0,0,0,0,4
14,기타 대학,0,0,0,0,0,1,0,1,0,2
14,연세대,7,8,6,2,7,6,5,4,0,45
14,기타 대학,4,2,9,3,4,5,8,3,0,38
14,기타 대학,1,0,0,0,0,0,0,0,0,1
14,기타 대학,1,2,1,0,0,0,1,0,0,5
14,이화여대,2,2,4,1,1,1,3,5,0,19
14,기타 대학,0,0,0,0,0,0,1,0,0,1
14,기타 대학,1,0,0,0,0,1,4,0,0,6
14,기타 대학,0,0,0,1,0,0,0,0,0,1
14,전남대,1,0,1,0,0,0,2,3,0,7
14,전북대,0,1,0,0,0,0,0,2,0,3
14,기타 대학,0,0,0,0,0,0,1,0,0,1
14,기타 대학,0,0,1,0,0,0,0,0,0,1
14,중앙대,1,2,2,1,2,1,3,3,0,15
14,충남대,1,1,0,0,1,0,4,0,0,7
14,기타 대학,0,0,0,1,1,0,2,1,0,5
12,해외대,0,0,0,0,0,0,0,0,2,2
14,기타 대학,0,0,0,0,0,0,0,1,0,1
14,한국외대,3,1,3,4,4,8,1,2,0,26
14,한동대,0,0,0,0,0,0,2,1,0,3
14,한양대,9,8,5,4,5,4,3,4,0,42
14,홍익대,0,1,0,1,0,1,0,0,0,3
13,카이스트,7,8,3,3,1,1,2,3,0,28
15,기타 대학,0,0,0,0,1,0,0,0,0,1
15,기타 대학,0,0,0,0,0,1,1,0,0,2
15,기타 대학,0,0,0,1,0,0,0,0,0,1
15,건국대,3,1,1,3,0,4,4,5,0,21
15,기타 대학,0,1,0,0,0,1,0,0,0,2
15,기타 대학,0,0,0,0,1,0,0,1,0,2
15,경북대,0,2,4,0,0,2,0,0,0,8
15,기타 대학,0,0,0,1,0,0,0,0,0,1
15,경찰대,0,0,0,0,1,0,1,0,0,2
15,경희대,2,5,2,4,2,4,7,1,0,27
15,기타 대학,0,0,0,0,0,1,0,0,0,1
15,고려대,10,5,7,4,9,1,1,3,0,40
15,기타 대학,0,0,0,2,1,0,0,1,0,4
15,기타 대학,0,1,0,3,0,0,0,1,0,5
15,기타 대학,0,0,1,2,0,3,1,2,0,9
15,기타 대학,0,0,0,0,0,0,0,1,0,1
15,기타 대학,0,0,0,1,0,0,0,0,0,1
15,기타 대학,0,0,0,0,0,0,0,1,0,1
15,기타 대학,0,0,0,0,0,1,0,0,0,1
15,동국대,0,0,0,1,0,0,3,3,0,7
15,기타 대학,1,0,0,0,0,0,0,0,0,1
15,동아대,0,0,0,0,1,2,0,0,0,3
15,기타 대학,0,0,1,1,1,0,1,0,0,4
15,기타 대학,1,0,0,0,0,0,0,0,0,1
15,기타 대학,0,0,0,0,0,1,0,0,0,1
15,기타 대학,0,0,0,0,0,1,0,1,0,2
15,부산대,1,4,2,2,1,3,1,1,0,15
15,기타 대학,0,0,0,0,0,0,1,1,0,2
15,기타 대학,0,0,0,0,0,0,0,1,0,1
15,서강대,3,0,2,0,2,1,4,0,0,12
15,서울대,6,1,4,2,1,3,3,0,0,20
15,서울시립대,1,1,1,0,3,1,0,2,0,9
15,기타 대학,0,0,0,0,0,1,0,0,0,1
15,성균관대,4,0,4,5,4,3,4,1,0,25
15,기타 대학,0,0,0,1,0,1,1,1,0,4
15,기타 대학,0,0,0,2,0,0,0,0,0,2
15,기타 대학,0,0,0,0,0,0,0,1,0,1
15,숙명여대,2,3,1,1,0,0,0,3,0,10
15,기타 대학,1,0,0,0,0,0,0,0,0,1
15,기타 대학,0,2,2,0,1,0,1,0,0,6
15,기타 대학,0,1,0,2,1,0,1,4,0,9
15,연세대,6,3,2,3,7,2,2,2,0,27
15,기타 대학,0,1,4,1,1,0,0,0,0,7
15,기타 대학,0,1,0,0,0,0,0,0,0,1
15,기타 대학,3,6,5,6,5,5,3,1,0,34
15,기타 대학,0,0,0,0,0,1,0,0,0,1
15,이화여대,5,9,4,2,0,3,4,1,0,28
15,기타 대학,0,0,0,0,0,0,2,0,0,2
15,기타 대학,0,0,0,1,0,0,0,0,0,1
15,기타 대학,0,0,0,0,0,1,0,0,0,1
15,전남대,1,1,0,0,0,0,4,2,0,8
15,전북대,0,0,0,2,0,3,5,4,0,14
15,기타 대학,0,0,1,0,0,0,0,0,0,1
15,기타 대학,0,1,0,0,0,0,0,0,0,1
15,기타 대학,0,0,0,2,0,0,1,1,0,4
15,중앙대,3,3,4,2,4,0,0,3,0,19
15,기타 대학,0,0,0,0,1,0,0,0,0,1
15,기타 대학,0,0,0,0,1,0,0,0,0,1
15,충남대,2,1,1,0,2,0,0,0,0,6
15,기타 대학,1,0,0,0,0,1,0,0,0,2
15,기타 대학,0,1,1,0,1,3,2,2,0,10
15,기타 대학,0,1,0,0,0,0,0,0,0,1
15,한국외대,3,4,2,1,1,0,4,3,0,18
15,기타 대학,0,0,0,0,2,0,0,0,0,2
15,한동대,0,0,0,0,0,0,0,1,0,1
15,기타 대학,0,0,1,0,0,0,0,0,0,1
15,한양대,1,4,5,4,7,7,2,4,0,34
15,홍익대,0,2,1,1,3,1,0,3,0,11
16,건국대,0,0,0,0,1,0,2,1,0,4
16,경희대,0,1,0,0,1,1,0,0,0,3
16,고려대,9,8,13,16,18,16,20,18,0,118
16,동아대,0,0,0,0,0,0,0,1,0,1
16,부산대,0,0,0,0,0,1,0,0,0,1
16,서강대,0,0,0,0,0,0,2,2,0,4
16,기타 대학,0,0,0,0,0,1,0,0,0,1
16,서울대,24,31,24,15,17,13,17,14,0,155
16,서울시립대,0,1,0,0,1,0,0,1,0,3
16,성균관대,1,3,1,1,2,0,1,1,0,10
16,숙명여대,0,0,0,0,1,1,2,0,0,4
16,기타 대학,0,0,0,0,0,1,0,0,0,1
16,기타 대학,0,0,1,0,0,1,0,0,0,2
16,연세대,10,19,16,23,26,18,17,22,0,151
16,기타 대학,1,0,0,0,0,0,0,0,0,1
16,이화여대,49,36,39,51,25,41,29,33,0,303
16,전남대,1,0,0,0,0,0,0,0,0,1
16,중앙대,0,0,0,0,1,0,1,1,0,3
16,기타 대학,1,0,0,0,0,0,0,0,0,1
13,해외대,0,0,0,1,0,0,0,0,0,1
16,한국외대,0,0,0,0,1,2,0,1,0,4
16,한양대,0,0,4,2,5,4,1,3,0,19
13,해외대,1,0,0,0,0,0,0,0,0,1
13,해외대,0,0,0,1,0,0,0,0,0,1
16,기타 대학,0,0,0,0,0,0,0,1,0,1
13,해외대,0,0,0,1,1,0,0,0,0,2
13,해외대,0,0,0,2,2,1,1,2,0,8
17,기타 대학,0,0,0,0,0,0,0,1,0,1
17,기타 대학,0,0,0,0,0,1,0,0,0,1
17,건국대,0,1,0,0,3,1,0,1,0,6
17,기타 대학,0,0,0,0,0,1,0,0,0,1
17,경찰대,1,0,0,0,0,0,1,1,0,3
17,경희대,0,1,1,1,2,1,0,0,0,6
17,기타 대학,0,0,0,0,0,0,1,0,0,1
17,고려대,12,13,5,12,7,10,9,6,0,74
17,기타 대학,0,1,0,1,0,0,0,0,0,2
17,기타 대학,0,0,0,0,1,0,1,0,0,2
17,동국대,0,0,1,1,0,0,1,0,0,3
17,동아대,0,0,0,0,0,0,0,1,0,1
17,기타 대학,0,0,1,0,1,0,0,0,0,2
17,기타 대학,0,0,0,0,1,0,0,0,0,1
17,서강대,2,0,0,1,2,4,4,2,0,15
17,서울대,12,10,2,6,5,10,8,7,0,60
17,서울시립대,0,0,1,0,1,0,1,0,0,3
17,성균관대,4,2,8,4,2,1,3,3,0,27
17,숙명여대,0,0,0,1,3,1,1,1,0,7
17,기타 대학,0,0,0,0,1,0,0,0,0,1
17,기타 대학,0,0,0,0,0,0,1,1,0,2
17,연세대,6,8,6,9,5,9,7,8,0,58
17,기타 대학,0,2,0,0,0,0,0,0,0,2
17,이화여대,3,3,5,4,8,3,3,5,0,34
17,기타 대학,0,0,0,0,0,0,1,0,0,1
17,기타 대학,1,7,9,5,4,2,2,4,0,34
17,전북대,0,0,2,0,0,0,0,0,0,2
17,중앙대,2,0,1,2,0,0,0,1,0,6
17,충남대,0,0,0,0,0,0,0,1,0,1
17,기타 대학,0,0,1,0,0,0,0,0,0,1
13,해외대,0,0,0,1,0,0,1,0,0,2
17,기타 대학,0,1,0,0,0,0,0,1,0,2
17,기타 대학,0,0,0,1,0,0,0,0,0,1
17,한국외대,2,0,0,1,0,2,0,0,0,5
17,기타 대학,0,0,1,0,0,0,0,0,0,1
17,한동대,0,0,1,1,0,0,0,1,0,3
17,한양대,4,4,5,2,4,4,3,3,0,29
17,홍익대,0,0,0,0,3,0,2,4,0,9
13,해외대,0,0,0,1,0,0,0,0,0,1
13,해외대,0,0,0,1,1,0,0,1,0,3
13,해외대,1,0,0,0,1,0,0,0,0,2
13,해외대,0,1,0,0,0,0,0,0,0,1
13,해외대,0,0,1,0,0,0,0,0,0,1
13,해외대,0,0,0,0,1,0,0,0,0,1
13,해외대,0,0,0,0,1,0,0,0,0,1
13,해외대,0,0,0,0,1,0,0,0,0,1
13,해외대,0,0,0,0,0,0,0,1,0,1
13,해외대,0,0,0,0,0,0,1,0,0,1
13,해외대,0,0,0,0,0,0,0,1,0,1
13,해외대,0,0,0,0,0,0,0,1,0,1
13,해외대,0,0,0,0,0,0,0,0,1,1
13,해외대,0,0,0,0,0,0,0,0,1,1
13,해외대,0,0,0,0,0,0,0,0,1,1
13,카이스트,0,0,0,0,0,0,0,0,3,3
14,카이스트,0,1,0,0,1,0,1,0,0,3
18,기타 대학,0,0,1,0,0,0,0,1,0,2
18,기타 대학,0,0,0,0,0,0,1,0,0,1
18,건국대,0,1,2,3,0,3,2,4,0,15
14,해외대,1,0,0,0,0,0,0,0,0,1
18,경북대,0,1,1,2,1,0,0,0,0,5
18,기타 대학,0,0,0,0,0,0,0,1,0,1
18,기타 대학,0,1,1,0,0,0,0,0,0,2
18,경찰대,2,1,1,0,0,0,2,0,0,6
18,경희대,2,6,8,6,9,9,3,7,0,50
18,고려대,11,10,12,7,14,10,9,8,0,81
18,기타 대학,0,0,0,0,0,1,0,0,0,1
18,기타 대학,0,0,1,3,0,0,0,1,0,5
18,기타 대학,0,1,1,1,1,0,1,2,0,7
18,기타 대학,0,0,1,0,0,0,1,0,0,2
18,동국대,2,1,3,0,3,2,2,3,0,16
18,동아대,0,0,0,0,1,0,0,0,0,1
18,기타 대학,0,0,0,0,0,0,1,0,0,1
18,기타 대학,0,0,0,1,0,0,0,0,0,1
18,기타 대학,0,0,0,0,0,1,0,0,0,1
18,기타 대학,0,0,0,0,0,0,1,1,0,2
18,기타 대학,0,0,0,0,0,1,0,0,0,1
18,부산대,0,1,0,0,0,1,1,1,0,4
14,해외대,0,0,0,0,0,0,0,0,1,1
18,기타 대학,1,0,0,0,0,0,0,0,0,1
18,서강대,4,5,3,3,2,3,0,7,0,27
18,기타 대학,0,0,1,0,1,0,0,1,0,3
18,서울대,8,9,5,8,11,11,10,7,0,69
18,서울시립대,1,4,0,1,1,3,1,3,0,14
18,기타 대학,0,0,1,0,0,0,1,0,0,2
18,성균관대,6,11,9,8,10,8,11,10,0,73
18,기타 대학,0,0,0,0,0,1,0,0,0,1
18,기타 대학,0,0,0,1,0,0,0,0,0,1
18,숙명여대,2,2,0,1,2,3,5,5,0,20
18,기타 대학,0,0,0,0,0,0,1,1,0,2
18,기타 대학,0,1,0,0,0,0,0,0,0,1
18,기타 대학,0,0,4,0,1,0,2,2,0,9
18,기타 대학,2,2,1,0,1,0,0,1,0,7
18,연세대,14,20,6,10,8,10,5,7,0,80
18,기타 대학,0,0,0,0,1,0,0,0,0,1
18,기타 대학,0,0,0,0,0,0,1,0,0,1
18,기타 대학,0,0,0,0,0,0,0,1,0,1
18,기타 대학,2,0,0,2,1,0,0,0,0,5
18,기타 대학,0,1,0,1,0,0,0,0,0,2
18,이화여대,6,16,8,11,5,9,9,10,0,74
18,기타 대학,0,0,0,0,0,0,0,1,0,1
18,기타 대학,0,2,0,3,0,1,0,0,0,6
18,전남대,35,18,33,27,27,26,24,18,0,208
18,전북대,1,0,2,1,2,3,1,1,0,11
18,기타 대학,0,0,0,0,0,0,0,1,0,1
18,기타 대학,1,1,0,6,2,2,2,4,0,18
18,중앙대,4,3,3,5,1,3,2,2,0,23
18,기타 대학,1,0,0,0,0,0,0,0,0,1
18,충남대,0,0,1,0,1,0,0,0,0,2
18,기타 대학,0,0,1,0,0,0,0,0,0,1
18,기타 대학,0,0,0,0,0,0,0,1,0,1
18,기타 대학,1,0,0,0,0,0,0,0,0,1
18,기타 대학,0,0,1,0,1,0,0,0,0,2
18,기타 대학,0,2,2,0,0,2,0,0,0,6
18,한국외대,4,2,7,3,2,1,6,7,0,32
18,기타 대학,0,0,0,0,0,2,0,0,0,2
18,기타 대학,0,0,0,1,0,0,0,0,0,1
18,한동대,0,0,0,0,2,0,4,2,0,8
18,기타 대학,0,0,0,0,0,1,0,0,0,1
18,한양대,8,4,8,6,9,6,11,7,0,59
18,홍익대,1,0,3,2,0,1,3,2,0,12
19,기타 대학,0,0,0,0,1,0,1,0,0,2
19,기타 대학,0,0,0,0,3,1,0,0,0,4
19,기타 대학,1,0,0,1,0,0,1,0,0,3
19,건국대,0,2,0,1,0,1,2,2,0,8
19,경북대,1,0,0,1,0,1,0,0,0,3
19,경찰대,0,0,0,0,0,1,5,0,0,6
19,경희대,2,6,3,4,5,6,5,3,0,34
19,고려대,9,7,4,5,3,10,6,3,0,47
19,기타 대학,0,0,0,0,0,0,0,1,0,1
19,기타 대학,1,0,0,0,0,0,0,0,0,1
19,기타 대학,0,0,1,0,0,0,0,2,0,3
19,기타 대학,0,0,0,0,0,0,0,2,0,2
19,기타 대학,1,0,1,0,0,1,2,2,0,7
19,기타 대학,0,0,0,0,0,0,1,0,0,1
19,기타 대학,0,0,0,0,1,0,0,0,0,1
19,기타 대학,0,0,0,1,0,0,0,0,0,1
19,동국대,0,0,0,1,2,0,0,2,0,5
19,동아대,0,0,0,0,0,1,0,0,0,1
19,기타 대학,0,0,0,0,0,0,0,1,0,1
19,기타 대학,0,0,0,0,0,1,0,0,0,1
19,기타 대학,0,0,0,0,0,1,0,0,0,1
19,기타 대학,0,0,1,1,0,0,1,0,0,3
19,부산대,1,0,0,0,1,1,1,0,0,4
19,기타 대학,0,0,1,0,0,0,1,0,0,2
19,서강대,4,6,1,1,0,4,2,3,0,21
19,서울대,9,7,2,1,2,5,3,5,0,34
19,서울시립대,0,1,2,3,1,3,1,1,0,12
19,기타 대학,0,1,0,1,1,0,1,0,0,4
19,기타 대학,0,0,0,0,1,0,1,0,0,2
19,성균관대,7,6,4,3,4,2,6,6,0,38
19,기타 대학,0,0,0,0,0,1,0,1,0,2
19,기타 대학,0,0,0,0,0,1,0,0,0,1
19,숙명여대,0,0,2,0,2,2,5,3,0,14
19,기타 대학,0,0,0,1,1,1,0,0,0,3
19,기타 대학,0,1,0,0,0,0,0,2,0,3
19,연세대,12,7,6,14,6,6,0,6,0,57
19,기타 대학,0,0,0,1,1,0,0,0,0,2
19,기타 대학,0,0,0,0,0,0,1,0,0,1
19,기타 대학,0,0,0,1,0,0,0,0,0,1
19,기타 대학,0,0,0,1,1,0,2,0,0,4
19,이화여대,4,4,11,8,3,2,3,4,0,39
19,기타 대학,0,2,1,1,0,2,2,0,0,8
19,전남대,1,1,0,0,2,0,2,0,0,6
19,전북대,8,10,9,15,17,11,6,9,0,85
19,기타 대학,0,0,0,1,3,0,0,0,0,4
19,기타 대학,0,0,1,0,0,0,0,0,0,1
19,기타 대학,0,0,1,0,1,1,3,2,0,8
19,중앙대,4,1,7,3,6,5,3,4,0,33
19,기타 대학,0,0,0,0,0,0,1,0,0,1
19,충남대,1,2,0,0,0,0,0,1,0,4
19,기타 대학,0,0,0,0,0,1,0,1,0,2
19,기타 대학,1,1,1,0,0,0,1,1,0,5
15,해외대,0,0,0,0,0,0,0,0,1,1
19,기타 대학,1,0,0,0,0,0,1,0,0,2
19,한국외대,3,8,8,3,1,3,1,4,0,31
19,한동대,0,0,1,0,2,2,0,1,0,6
19,기타 대학,0,0,0,0,0,0,1,0,0,1
19,한양대,3,5,6,2,7,5,8,5,0,41
19,기타 대학,0,0,0,1,0,0,0,0,0,1
19,홍익대,2,1,2,3,5,1,2,1,0,17
16,카이스트,4,2,0,1,0,0,0,1,0,8
19,기타 대학,0,0,1,0,0,0,0,0,0,1
16,해외대,0,0,0,0,0,0,0,1,0,1
16,해외대,0,0,0,0,0,0,0,1,0,1
19,기타 대학,0,0,1,1,0,0,0,0,0,2
16,해외대,0,0,0,0,0,0,0,1,0,1
16,해외대,0,2,3,0,5,3,8,0,0,21
16,해외대,0,0,0,0,0,0,0,0,1,1
16,해외대,0,0,0,0,0,0,0,0,1,1
16,해외대,0,0,0,0,0,0,0,0,1,1
16,해외대,0,0,0,0,0,0,0,0,1,1
20,기타 대학,0,1,3,0,0,0,0,0,0,4
20,기타 대학,0,0,0,0,1,0,0,1,0,2
20,건국대,1,0,2,2,1,0,0,0,0,6
20,경북대,0,1,1,0,0,0,0,0,0,2
20,기타 대학,0,0,0,0,0,1,0,1,0,2
20,경찰대,1,0,0,0,0,0,1,0,0,2
20,경희대,1,3,3,1,0,7,9,1,0,25
20,고려대,6,5,4,4,3,8,3,2,0,35
20,기타 대학,0,0,1,0,0,0,0,1,0,2
20,기타 대학,0,0,0,1,0,0,0,1,0,2
20,기타 대학,0,0,0,0,0,0,1,0,0,1
20,기타 대학,0,0,0,0,0,1,0,1,0,2
20,기타 대학,0,0,0,0,1,0,0,0,0,1
20,기타 대학,0,1,0,1,0,0,0,0,0,2
20,기타 대학,0,0,0,0,0,0,1,0,0,1
20,기타 대학,0,0,1,0,0,0,1,1,0,3
20,동국대,0,0,0,0,1,0,1,1,0,3
20,기타 대학,0,0,0,0,0,0,0,1,0,1
20,기타 대학,0,1,0,0,0,0,0,0,0,1
20,기타 대학,0,0,0,0,0,0,1,0,0,1
20,기타 대학,0,0,0,1,0,0,0,0,0,1
20,기타 대학,0,0,1,0,1,0,0,0,0,2
20,부산대,1,0,0,0,2,1,2,1,0,7
20,기타 대학,0,0,1,0,0,0,0,0,0,1
20,서강대,0,0,0,1,0,0,0,1,0,2
20,기타 대학,0,0,0,0,0,0,1,0,0,1
20,서울대,6,2,1,4,2,4,1,1,0,21
20,기타 대학,1,0,0,0,0,0,0,0,0,1
20,서울시립대,4,1,0,0,2,0,0,1,0,8
20,성균관대,2,2,2,2,3,3,2,4,0,20
20,기타 대학,0,0,0,0,0,0,1,1,0,2
20,숙명여대,1,1,0,3,0,1,0,3,0,9
20,기타 대학,0,0,1,0,2,0,0,0,0,3
20,기타 대학,0,3,1,2,1,2,0,0,0,9
20,연세대,3,3,3,4,2,0,6,2,0,23
20,기타 대학,0,1,2,1,0,0,0,0,0,4
20,기타 대학,1,2,1,0,0,0,0,0,0,4
20,이화여대,3,1,2,1,1,3,2,4,0,17
20,기타 대학,0,0,1,0,0,0,0,1,0,2
20,전남대,2,1,1,1,0,1,1,0,0,7
20,기타 대학,0,0,0,0,0,0,1,0,0,1
20,기타 대학,0,4,4,2,3,3,1,4,0,21
20,기타 대학,1,0,1,1,0,0,0,0,0,3
20,중앙대,0,3,0,0,3,0,0,3,0,9
20,기타 대학,0,0,0,0,0,1,0,1,0,2
20,기타 대학,0,1,0,0,0,0,0,0,0,1
20,기타 대학,0,0,1,1,0,1,0,0,0,3
20,기타 대학,1,0,0,0,0,0,0,0,0,1
20,기타 대학,0,0,0,0,0,0,1,0,0,1
20,한국외대,2,2,1,3,1,3,1,2,0,15
20,기타 대학,0,0,0,0,1,0,0,0,0,1
20,한동대,1,0,0,2,0,0,0,1,0,4
20,기타 대학,0,0,0,0,0,0,1,0,0,1
20,한양대,0,2,3,2,4,0,1,1,0,13
20,홍익대,0,1,1,0,0,0,0,0,0,2
16,해외대,0,0,0,0,0,0,0,0,1,1
16,해외대,0,0,0,0,0,0,0,0,1,1
17,카이스트,0,1,0,1,0,0,1,0,0,3
20,기타 대학,0,0,0,0,0,0,0,1,0,1
17,해외대,1,0,0,0,0,0,0,0,0,1
17,해외대,0,0,0,0,1,0,0,0,0,1
17,해외대,0,0,0,0,1,0,0,0,0,1
17,해외대,0,0,0,0,0,1,0,0,0,1
17,해외대,0,0,0,0,0,1,0,0,0,1
17,해외대,0,0,0,0,0,0,0,1,0,1
21,건국대,1,4,0,0,0,2,1,0,0,8
21,경북대,0,1,0,0,1,0,0,0,0,2
21,경찰대,1,1,0,0,0,1,0,0,0,3
21,경희대,0,1,0,0,0,1,0,0,0,2
21,고려대,10,3,9,14,10,5,11,9,0,71
21,기타 대학,1,0,0,0,0,0,0,0,0,1
21,서강대,1,0,0,3,1,1,0,0,1,7
21,기타 대학,0,0,0,1,0,0,0,0,0,1
21,서울대,12,15,3,8,4,9,6,8,0,65
21,기타 대학,0,0,0,0,1,0,0,0,0,1
21,성균관대,2,2,3,0,1,6,3,3,0,20
21,숙명여대,1,0,0,0,0,2,0,0,2,5
21,연세대,4,6,7,15,17,6,14,12,0,81
21,이화여대,3,7,4,2,3,5,4,3,0,31
21,전남대,1,0,0,0,0,0,0,0,0,1
21,중앙대,11,12,20,5,10,14,12,15,0,99
21,기타 대학,0,0,1,0,0,0,0,0,0,1
17,해외대,0,0,0,0,0,1,0,0,0,1
21,한국외대,1,0,0,0,2,0,1,0,1,5
21,한양대,1,0,5,1,2,0,0,1,1,11
17,해외대,0,0,0,0,0,0,0,0,3,3
18,해외대,0,0,0,0,1,0,0,0,0,1
18,해외대,0,1,0,0,0,0,0,0,0,1
22,기타 대학,0,0,0,0,0,0,1,2,0,3
22,기타 대학,0,0,0,1,1,2,0,1,0,5
22,기타 대학,0,0,0,0,0,0,0,1,0,1
22,기타 대학,1,0,0,1,0,0,0,0,0,2
22,건국대,1,2,3,1,0,3,1,2,0,13
22,경북대,1,2,1,1,0,0,0,0,0,5
22,기타 대학,0,0,1,0,0,0,0,0,0,1
22,기타 대학,0,0,0,0,0,1,0,0,0,1
22,경찰대,1,0,1,0,0,1,1,0,0,4
22,경희대,0,0,3,2,6,11,6,5,0,33
22,기타 대학,0,0,0,1,0,0,0,0,0,1
22,고려대,16,11,11,11,14,7,10,13,0,93
22,기타 대학,0,0,0,0,0,1,1,0,0,2
22,기타 대학,0,0,0,0,0,0,0,1,0,1
22,기타 대학,0,0,0,0,1,0,0,0,0,1
22,기타 대학,0,0,0,0,2,0,0,0,0,2
22,기타 대학,0,0,1,1,0,1,2,1,0,6
22,기타 대학,0,0,0,0,1,0,0,0,0,1
22,기타 대학,0,0,0,1,0,0,0,0,0,1
22,기타 대학,0,0,1,0,0,0,0,0,0,1
22,동국대,1,1,3,2,0,2,2,4,0,15
22,기타 대학,0,0,1,0,0,0,0,0,0,1
22,동아대,0,0,0,1,1,1,1,2,0,6
22,기타 대학,0,1,0,0,0,0,0,0,0,1
22,기타 대학,0,0,0,1,0,0,0,0,0,1
22,부산대,1,0,1,0,0,1,0,0,0,3
22,기타 대학,0,0,0,0,0,1,0,0,0,1
22,서강대,8,9,4,2,3,6,3,4,0,39
22,기타 대학,0,1,0,0,0,0,0,0,0,1
22,서울대,19,12,11,5,10,6,10,6,0,79
22,서울시립대,4,2,2,2,0,1,3,2,0,16
22,기타 대학,0,1,0,0,0,0,0,0,0,1
22,기타 대학,0,0,0,0,0,0,0,1,0,1
22,기타 대학,0,0,0,0,0,0,1,0,0,1
22,성균관대,5,7,8,2,8,8,9,7,0,54
22,기타 대학,0,0,0,0,1,0,0,0,0,1
22,기타 대학,0,0,1,1,1,0,0,0,0,3
22,숙명여대,0,0,2,4,3,3,0,4,0,16
22,기타 대학,0,1,3,0,2,1,1,0,0,8
22,기타 대학,0,3,1,1,2,1,1,0,0,9
22,기타 대학,0,0,0,1,0,0,0,0,0,1
22,연세대,6,12,8,11,10,13,5,8,0,73
22,기타 대학,0,0,0,0,1,1,0,0,0,2
22,기타 대학,0,0,0,1,0,0,0,0,0,1
22,기타 대학,0,1,0,0,1,0,0,1,0,3
22,기타 대학,0,1,0,0,0,1,0,0,0,2
22,기타 대학,0,0,0,0,0,1,0,0,0,1
22,이화여대,5,10,8,10,6,9,8,4,0,60
22,기타 대학,0,1,1,0,2,2,0,1,0,7
22,전남대,0,0,0,1,0,0,1,1,0,3
22,전북대,0,0,0,1,1,0,0,0,0,2
22,기타 대학,0,0,1,0,0,0,1,0,0,2
22,기타 대학,0,1,0,0,0,0,0,0,0,1
22,중앙대,2,2,4,7,2,1,2,0,0,20
22,기타 대학,1,0,0,0,0,0,0,0,0,1
22,충남대,10,8,7,10,9,2,13,15,0,74
22,기타 대학,1,2,3,0,1,0,1,0,0,8
22,기타 대학,3,0,0,1,0,1,0,1,0,6
22,기타 대학,0,1,0,2,0,0,0,1,0,4
18,해외대,0,1,0,0,0,0,0,0,0,1
22,기타 대학,0,0,1,1,0,0,0,0,0,2
22,기타 대학,0,0,0,0,0,1,0,0,0,1
22,한국외대,0,2,5,5,1,4,0,4,0,21
22,기타 대학,1,0,0,1,0,0,0,0,0,2
22,기타 대학,0,0,1,0,0,0,0,0,0,1
22,한동대,0,0,2,2,1,1,3,1,0,10
22,한양대,5,5,5,4,10,11,13,9,0,62
22,기타 대학,0,0,0,0,0,0,1,1,0,2
22,홍익대,1,4,0,2,2,0,2,2,0,13
18,해외대,0,0,0,0,1,0,1,0,0,2
18,해외대,0,0,0,0,0,1,0,0,0,1
18,해외대,0,0,0,0,0,1,0,0,0,1
18,해외대,0,0,0,0,1,0,0,0,0,1
23,기타 대학,1,1,0,1,1,3,0,0,0,7
23,건국대,1,2,3,2,1,2,1,0,0,12
23,기타 대학,0,0,0,1,0,0,0,1,0,2
23,경북대,0,0,0,0,1,0,1,0,0,2
23,기타 대학,0,1,0,0,0,0,0,0,0,1
23,경찰대,1,1,1,0,0,1,0,0,0,4
23,경희대,3,3,3,4,1,5,5,4,0,28
23,고려대,12,8,12,8,5,9,2,1,0,57
23,기타 대학,0,1,0,0,0,0,0,0,0,1
23,기타 대학,0,0,0,0,1,0,0,0,0,1
23,기타 대학,0,0,1,2,4,1,2,1,0,11
23,기타 대학,0,0,0,0,2,0,2,2,0,6
23,기타 대학,0,0,0,0,1,0,0,0,0,1
23,기타 대학,0,0,0,0,0,0,1,1,0,2
23,기타 대학,0,0,0,0,0,0,1,1,0,2
23,동국대,1,0,3,2,3,1,3,2,0,15
23,동아대,0,0,0,0,1,0,0,0,0,1
23,기타 대학,0,0,0,0,0,0,1,0,0,1
23,기타 대학,0,0,0,1,0,0,0,0,0,1
23,부산대,1,0,1,1,0,3,1,1,0,8
23,기타 대학,0,1,0,0,0,0,0,0,0,1
23,서강대,2,1,1,1,1,0,2,1,0,9
23,서울대,3,11,2,1,4,3,2,2,0,28
23,서울시립대,1,1,0,2,3,0,0,2,0,9
23,성균관대,5,4,5,2,6,4,2,6,0,34
23,기타 대학,0,0,2,0,2,0,1,1,0,6
23,기타 대학,0,0,0,0,0,1,0,0,0,1
23,숙명여대,0,2,1,3,3,2,5,8,0,24
23,기타 대학,0,0,0,2,0,0,2,0,0,4
23,기타 대학,0,0,0,0,0,0,1,0,0,1
23,기타 대학,0,0,0,0,1,0,0,0,0,1
23,기타 대학,1,0,1,2,1,1,3,0,0,9
23,연세대,10,6,7,2,5,5,4,1,0,40
23,기타 대학,0,0,0,0,1,0,0,1,0,2
23,기타 대학,0,1,0,0,0,0,0,0,0,1
23,기타 대학,0,0,0,0,0,0,0,1,0,1
23,기타 대학,2,0,1,0,0,0,0,0,0,3
23,이화여대,4,10,4,0,6,12,6,8,0,50
23,기타 대학,0,0,0,1,0,0,0,0,0,1
23,기타 대학,0,0,0,1,0,0,0,0,0,1
23,기타 대학,2,1,2,10,0,2,0,0,0,17
23,전남대,0,0,1,0,1,0,0,0,0,2
23,전북대,0,0,0,0,0,0,0,1,0,1
23,중앙대,2,2,1,3,2,1,3,2,0,16
23,기타 대학,0,0,0,1,0,0,0,0,0,1
23,충남대,1,0,1,3,2,2,2,4,0,15
23,기타 대학,6,5,10,7,3,5,7,1,0,44
23,기타 대학,0,0,0,1,0,0,0,0,0,1
18,해외대,0,0,0,0,0,1,0,0,0,1
23,기타 대학,2,1,0,1,0,0,0,0,0,4
23,한국외대,2,2,5,6,3,3,3,4,0,28
23,기타 대학,0,0,0,1,0,0,0,0,0,1
23,기타 대학,0,0,0,0,1,0,0,0,0,1
23,한동대,0,0,0,0,2,2,0,1,0,5
23,기타 대학,0,0,0,0,0,0,0,1,0,1
23,기타 대학,0,1,0,0,0,0,0,0,0,1
23,한양대,4,3,5,5,7,6,6,4,0,40
23,홍익대,2,1,0,0,2,1,4,7,0,17
18,해외대,0,0,0,0,1,0,0,0,0,1
18,해외대,0,0,0,0,0,1,0,0,0,1
18,해외대,0,0,0,0,0,0,1,0,0,1
18,해외대,0,0,0,0,0,0,0,1,0,1
19,카이스트,1,0,0,0,0,0,0,0,0,1
19,해외대,0,0,0,1,0,0,0,0,0,1
19,해외대,0,0,1,0,0,0,0,0,0,1
19,해외대,0,1,1,1,0,1,0,0,0,4
19,해외대,0,1,0,0,0,0,0,0,0,1
24,건국대,0,1,1,0,0,0,1,0,0,3
24,경북대,0,0,1,1,0,0,0,0,0,2
24,기타 대학,0,0,0,0,0,0,0,0,0,0
24,경찰대,0,0,0,0,1,1,0,2,0,4
24,경희대,2,0,1,2,1,0,0,1,0,7
24,고려대,10,11,10,6,10,18,8,12,0,85
24,기타 대학,0,0,0,0,0,0,0,0,0,0
24,기타 대학,0,0,0,0,0,1,0,0,0,1
24,동국대,0,0,0,0,0,0,0,1,0,1
24,부산대,0,0,1,2,0,0,0,0,0,3
19,해외대,0,0,0,1,0,0,0,0,0,1
24,기타 대학,0,0,0,0,0,0,1,0,0,1
24,서강대,1,1,0,0,0,0,0,0,0,2
24,기타 대학,0,0,0,0,1,0,0,0,0,1
24,서울대,7,7,4,4,6,10,10,11,0,59
24,서울시립대,0,0,1,1,1,1,0,0,0,4
24,성균관대,1,3,4,2,2,1,0,3,0,16
24,기타 대학,0,0,0,1,0,0,0,0,0,1
24,숙명여대,0,1,1,1,0,0,0,0,0,3
24,기타 대학,0,0,0,1,0,0,0,0,0,1
24,연세대,8,6,8,1,8,5,10,7,0,53
24,기타 대학,0,0,0,0,0,1,0,0,0,1
24,이화여대,4,6,4,3,4,0,1,1,0,23
24,기타 대학,0,0,0,1,0,0,0,0,0,1
24,전남대,0,0,0,0,0,1,0,0,0,1
24,전북대,1,0,0,1,0,0,0,0,0,2
24,중앙대,0,1,0,2,0,0,0,0,0,3
24,기타 대학,0,0,0,0,0,0,0,0,0,0
24,기타 대학,0,0,0,0,0,0,0,0,0,0
24,기타 대학,0,0,0,0,0,1,0,0,0,1
24,한국외대,11,13,16,17,14,6,15,13,0,105
24,기타 대학,1,0,0,0,0,0,0,0,0,1
24,기타 대학,0,0,0,0,0,1,0,0,0,1
24,한양대,1,3,2,4,1,2,6,1,0,20
24,홍익대,0,0,1,0,1,0,0,0,0,2
25,경북대,0,0,1,0,1,0,0,0,0,2
25,경찰대,0,3,0,0,2,1,0,0,0,6
25,경희대,0,0,1,0,0,0,0,0,0,1
25,고려대,13,18,32,27,26,17,14,15,0,162
25,기타 대학,0,0,0,0,0,0,1,0,0,1
25,기타 대학,0,0,0,0,0,0,1,0,0,1
25,부산대,0,1,0,0,1,0,0,0,0,2
25,서강대,0,1,1,4,2,1,4,1,0,14
25,서울대,44,37,27,21,15,35,21,31,0,231
25,성균관대,0,0,1,1,2,0,1,0,0,5
25,기타 대학,0,0,0,1,0,0,0,0,0,1
25,연세대,18,19,17,14,17,20,31,21,0,157
25,이화여대,0,3,4,6,7,4,6,3,0,33
25,기타 대학,0,0,0,0,0,1,0,0,0,1
25,전북대,0,0,1,0,0,0,0,0,0,1
25,기타 대학,0,0,0,0,0,0,1,0,0,1
25,기타 대학,1,0,0,1,0,0,1,1,0,4
19,해외대,0,1,0,0,0,0,0,0,0,1
25,한국외대,1,0,0,1,0,0,1,0,0,3
25,한동대,1,0,2,0,1,0,1,35,0,40
25,한양대,19,17,17,26,31,23,24,0,0,157
19,해외대,1,0,0,0,0,0,0,0,0,1
19,해외대,1,0,0,0,0,0,0,0,0,1
19,해외대,0,0,0,0,0,0,1,4,0,5
19,해외대,0,0,0,0,0,0,0,0,1,1
20,해외대,1,0,0,0,0,0,1,0,0,2
20,해외대,0,0,0,0,2,0,1,0,0,3
20,해외대,0,0,0,0,1,0,1,0,0,2
3,고려대,0,0,0,0,0,0,0,0,24,24
3,경북대,0,0,0,0,0,0,0,0,17,17
3,이화여대,0,0,0,0,0,0,0,0,16,16
3,한양대,0,0,0,0,0,0,0,0,12,12
3,연세대,0,0,0,0,0,0,0,0,10,10
3,서울대,0,0,0,0,0,0,0,0,9,9
3,성균관대,0,0,0,0,0,0,0,0,6,6
3,경찰대,0,0,0,0,0,0,0,0,6,6
3,중앙대,0,0,0,0,0,0,0,0,5,5
3,서강대,0,0,0,0,0,0,0,0,5,5
3,기타 대학,0,0,0,0,0,0,0,0,4,4
3,한동대,0,0,0,0,0,0,0,0,3,3
3,한국외대,0,0,0,0,0,0,0,0,2,2
3,경희대,0,0,0,0,0,0,0,0,2,2
3,기타 대학,0,0,0,0,0,0,0,0,1,1
3,동국대,0,0,0,0,0,0,0,0,1,1
3,기타 대학,0,0,0,0,0,0,0,0,1,1
3,동아대,0,0,0,0,0,0,0,0,1,1
3,숙명여대,0,0,0,0,0,0,0,0,1,1
3,기타 대학,0,0,0,0,0,0,0,0,1,1
3,홍익대,0,0,0,0,0,0,0,0,1,1
4,경찰대,0,0,0,0,0,0,0,0,1,1
4,경희대,0,0,0,0,0,0,0,0,12,12
4,고려대,0,0,0,0,0,0,0,0,13,13
4,기타 대학,0,0,0,0,0,0,0,0,1,1
4,동국대,0,0,0,0,0,0,0,0,4,4
4,서울대,0,0,0,0,0,0,0,0,12,12
4,성균관대,0,0,0,0,0,0,0,0,1,1
4,기타 대학,0,0,0,0,0,0,0,0,1,1
4,기타 대학,0,0,0,0,0,0,0,0,1,1
4,숙명여대,0,0,0,0,0,0,0,0,6,6
4,연세대,0,0,0,0,0,0,0,0,3,3
4,이화여대,0,0,0,0,0,0,0,0,2,2
4,기타 대학,0,0,0,0,0,0,0,0,1,1
4,한양대,0,0,0,0,0,0,0,0,6,6
4,홍익대,0,0,0,0,0,0,0,0,2,2
20,해외대,0,0,0,1,0,0,0,0,0,1
20,해외대,0,1,0,0,0,0,0,0,0,1
20,해외대,0,0,0,0,1,0,0,0,0,1
20,해외대,0,0,0,0,1,0,0,0,0,1
20,해외대,0,0,0,0,0,0,1,0,0,1
20,해외대,0,0,0,0,0,0,0,1,0,1
20,해외대,0,0,0,0,0,0,0,0,2,2
21,카이스트,0,1,0,4,2,1,0,0,1,9
6,기타 대학,0,0,0,0,0,0,0,0,1,1
6,건국대,0,0,0,0,0,0,0,0,1,1
6,경희대,0,0,0,0,0,0,0,0,5,5
6,고려대,0,0,0,0,0,0,0,0,7,7
6,기타 대학,0,0,0,0,0,0,0,0,1,1
6,기타 대학,0,0,0,0,0,0,0,0,1,1
6,기타 대학,0,0,0,0,0,0,0,0,1,1
6,동국대,0,0,0,0,0,0,0,0,1,1
6,동아대,0,0,0,0,0,0,0,0,8,8
6,홍익대,0,0,0,0,0,0,0,0,1,1
6,부산대,0,0,0,0,0,0,0,0,4,4
6,서강대,0,0,0,0,0,0,0,0,2,2
6,서울대,0,0,0,0,0,0,0,0,1,1
6,성균관대,0,0,0,0,0,0,0,0,4,4
6,기타 대학,0,0,0,0,0,0,0,0,1,1
6,숙명여대,0,0,0,0,0,0,0,0,3,3
6,기타 대학,0,0,0,0,0,0,0,0,1,1
6,연세대,0,0,0,0,0,0,0,0,5,5
6,기타 대학,0,0,0,0,0,0,0,0,1,1
6,기타 대학,0,0,0,0,0,0,0,0,3,3
6,이화여대,0,0,0,0,0,0,0,0,7,7
21,해외대,0,0,0,0,0,0,0,1,0,1
6,중앙대,0,0,0,0,0,0,0,0,2,2
6,충남대,0,0,0,0,0,0,0,0,1,1
6,한국외대,0,0,0,0,0,0,0,0,4,4
6,기타 대학,0,0,0,0,0,0,0,0,1,1
6,한양대,0,0,0,0,0,0,0,0,4,4
7,건국대,0,0,0,0,0,0,0,0,1,1
7,경희대,0,0,0,0,0,0,0,0,1,1
7,고려대,0,0,0,0,0,0,0,0,23,23
7,기타 대학,0,0,0,0,0,0,0,0,1,1
7,동아대,0,0,0,0,0,0,0,0,2,2
7,기타 대학,0,0,0,0,0,0,0,0,1,1
7,기타 대학,0,0,0,0,0,0,0,0,1,1
7,부산대,0,0,0,0,0,0,0,0,21,21
7,서강대,0,0,0,0,0,0,0,0,4,4
7,서울대,0,0,0,0,0,0,0,0,14,14
7,서울시립대,0,0,0,0,0,0,0,0,1,1
7,성균관대,0,0,0,0,0,0,0,0,8,8
21,해외대,0,0,0,0,0,1,0,0,0,1
7,연세대,0,0,0,0,0,0,0,0,24,24
7,기타 대학,0,0,0,0,0,0,0,0,1,1
7,기타 대학,0,0,0,0,0,0,0,0,1,1
7,이화여대,0,0,0,0,0,0,0,0,8,8
7,전남대,0,0,0,0,0,0,0,0,1,1
7,중앙대,0,0,0,0,0,0,0,0,1,1
7,충남대,0,0,0,0,0,0,0,0,1,1
7,기타 대학,0,0,0,0,0,0,0,0,2,2
7,한국외대,0,0,0,0,0,0,0,0,1,1
7,기타 대학,0,0,0,0,0,0,0,0,1,1
7,기타 대학,0,0,0,0,0,0,0,0,1,1
7,한양대,0,0,0,0,0,0,0,0,10,10
9,건국대,0,0,0,0,0,0,0,0,1,1
9,경찰대,0,0,0,0,0,0,0,0,1,1
9,고려대,0,0,0,0,0,0,0,0,17,17
9,서강대,0,0,0,0,0,0,0,0,1,1
9,서울대,0,0,0,0,0,0,0,0,97,97
9,성균관대,0,0,0,0,0,0,0,0,4,4
9,연세대,0,0,0,0,0,0,0,0,20,20
9,중앙대,0,0,0,0,0,0,0,0,1,1
9,기타 대학,0,0,0,0,0,0,0,0,2,2
9,한양대,0,0,0,0,0,0,0,0,3,3
21,해외대,0,0,0,0,0,0,0,1,0,1
10,고려대,0,0,0,0,0,0,0,0,10,10
10,기타 대학,0,0,0,0,0,0,0,0,1,1
10,동국대,0,0,0,0,0,0,0,0,2,2
10,부산대,0,0,0,0,0,0,0,0,1,1
10,서강대,0,0,0,0,0,0,0,0,5,5
10,서울대,0,0,0,0,0,0,0,0,4,4
10,서울시립대,0,0,0,0,0,0,0,0,8,8
10,성균관대,0,0,0,0,0,0,0,0,1,1
10,숙명여대,0,0,0,0,0,0,0,0,2,2
10,기타 대학,0,0,0,0,0,0,0,0,1,1
10,연세대,0,0,0,0,0,0,0,0,6,6
10,이화여대,0,0,0,0,0,0,0,0,3,3
10,기타 대학,0,0,0,0,0,0,0,0,1,1
10,중앙대,0,0,0,0,0,0,0,0,1,1
10,한국외대,0,0,0,0,0,0,0,0,1,1
10,한동대,0,0,0,0,0,0,0,0,3,3
10,한양대,0,0,0,0,0,0,0,0,4,4
11,경희대,0,0,0,0,0,0,0,0,1,1
11,고려대,0,0,0,0,0,0,0,0,7,7
11,기타 대학,0,0,0,0,0,0,0,0,1,1
11,동국대,0,0,0,0,0,0,0,0,2,2
11,부산대,0,0,0,0,0,0,0,0,1,1
11,서강대,0,0,0,0,0,0,0,0,5,5
11,서울대,0,0,0,0,0,0,0,0,29,29
11,서울시립대,0,0,0,0,0,0,0,0,2,2
11,성균관대,0,0,0,0,0,0,0,0,45,45
11,연세대,0,0,0,0,0,0,0,0,17,17
11,이화여대,0,0,0,0,0,0,0,0,6,6
11,전남대,0,0,0,0,0,0,0,0,1,1
11,중앙대,0,0,0,0,0,0,0,0,4,4
21,해외대,0,0,0,0,0,0,0,0,0,0
11,한국외대,0,0,0,0,0,0,0,0,2,2
11,기타 대학,0,0,0,0,0,0,0,0,1,1
21,해외대,0,0,0,0,0,0,0,0,0,0
12,기타 대학,0,0,0,0,0,0,0,0,1,1
12,건국대,0,0,0,0,0,0,0,0,1,1
12,경찰대,0,0,0,0,0,0,0,0,1,1
12,경희대,0,0,0,0,0,0,0,0,2,2
12,고려대,0,0,0,0,0,0,0,0,7,7
12,동국대,0,0,0,0,0,0,0,0,1,1
12,동아대,0,0,0,0,0,0,0,0,1,1
12,서강대,0,0,0,0,0,0,0,0,1,1
12,서울대,0,0,0,0,0,0,0,0,6,6
12,성균관대,0,0,0,0,0,0,0,0,4,4
12,숙명여대,0,0,0,0,0,0,0,0,1,1
12,기타 대학,0,0,0,0,0,0,0,0,6,6
12,연세대,0,0,0,0,0,0,0,0,7,7
12,이화여대,0,0,0,0,0,0,0,0,2,2
12,기타 대학,0,0,0,0,0,0,0,0,1,1
12,중앙대,0,0,0,0,0,0,0,0,2,2
12,한국외대,0,0,0,0,0,0,0,0,1,1
12,한양대,0,0,0,0,0,0,0,0,5,5
12,홍익대,0,0,0,0,0,0,0,0,1,1
12,기타 대학,0,0,0,0,0,0,0,0,2,2
22,카이스트,6,1,0,0,2,0,1,1,0,11
14,건국대,0,0,0,0,0,0,0,0,3,3
14,경북대,0,0,0,0,0,0,0,0,3,3
14,기타 대학,0,0,0,0,0,0,0,0,1,1
14,경희대,0,0,0,0,0,0,0,0,1,1
14,고려대,0,0,0,0,0,0,0,0,7,7
14,기타 대학,0,0,0,0,0,0,0,0,3,3
14,기타 대학,0,0,0,0,0,0,0,0,2,2
14,동국대,0,0,0,0,0,0,0,0,1,1
14,부산대,0,0,0,0,0,0,0,0,1,1
14,서강대,0,0,0,0,0,0,0,0,3,3
14,서울대,0,0,0,0,0,0,0,0,8,8
14,서울시립대,0,0,0,0,0,0,0,0,2,2
14,성균관대,0,0,0,0,0,0,0,0,4,4
14,기타 대학,0,0,0,0,0,0,0,0,1,1
14,숙명여대,0,0,0,0,0,0,0,0,1,1
14,기타 대학,0,0,0,0,0,0,0,0,1,1
14,연세대,0,0,0,0,0,0,0,0,8,8
14,기타 대학,0,0,0,0,0,0,0,0,4,4
14,이화여대,0,0,0,0,0,0,0,0,3,3
14,전남대,0,0,0,0,0,0,0,0,1,1
14,전북대,0,0,0,0,0,0,0,0,1,1
14,중앙대,0,0,0,0,0,0,0,0,2,2
14,기타 대학,0,0,0,0,0,0,0,0,1,1
14,기타 대학,0,0,0,0,0,0,0,0,1,1
14,한국외대,0,0,0,0,0,0,0,0,1,1
14,한양대,0,0,0,0,0,0,0,0,6,6
22,해외대,1,0,0,0,0,0,0,0,0,1
15,건국대,0,0,0,0,0,0,0,0,4,4
15,기타 대학,0,0,0,0,0,0,0,0,1,1
15,경희대,0,0,0,0,0,0,0,0,1,1
15,고려대,0,0,0,0,0,0,0,0,2,2
15,기타 대학,0,0,0,0,0,0,0,0,2,2
15,기타 대학,0,0,0,0,0,0,0,0,1,1
15,동국대,0,0,0,0,0,0,0,0,2,2
15,부산대,0,0,0,0,0,0,0,0,1,1
15,서강대,0,0,0,0,0,0,0,0,3,3
15,서울대,0,0,0,0,0,0,0,0,1,1
15,기타 대학,0,0,0,0,0,0,0,0,1,1
15,기타 대학,0,0,0,0,0,0,0,0,2,2
15,기타 대학,0,0,0,0,0,0,0,0,1,1
15,연세대,0,0,0,0,0,0,0,0,4,4
15,기타 대학,0,0,0,0,0,0,0,0,4,4
15,이화여대,0,0,0,0,0,0,0,0,2,2
15,기타 대학,0,0,0,0,0,0,0,0,2,2
15,전남대,0,0,0,0,0,0,0,0,3,3
15,전북대,0,0,0,0,0,0,0,0,2,2
15,기타 대학,0,0,0,0,0,0,0,0,2,2
15,중앙대,0,0,0,0,0,0,0,0,3,3
15,기타 대학,0,0,0,0,0,0,0,0,1,1
15,한국외대,0,0,0,0,0,0,0,0,6,6
15,기타 대학,0,0,0,0,0,0,0,0,1,1
15,한양대,0,0,0,0,0,0,0,0,3,3
15,홍익대,0,0,0,0,0,0,0,0,2,2
22,해외대,0,1,0,0,0,0,0,0,0,1
17,기타 대학,0,0,0,0,0,0,0,0,1,1
17,건국대,0,0,0,0,0,0,0,0,1,1
17,고려대,0,0,0,0,0,0,0,0,4,4
17,기타 대학,0,0,0,0,0,0,0,0,1,1
17,동국대,0,0,0,0,0,0,0,0,1,1
17,부산대,0,0,0,0,0,0,0,0,1,1
17,서강대,0,0,0,0,0,0,0,0,1,1
17,기타 대학,0,0,0,0,0,0,0,0,1,1
17,서울대,0,0,0,0,0,0,0,0,4,4
17,서울시립대,0,0,0,0,0,0,0,0,2,2
17,성균관대,0,0,0,0,0,0,0,0,4,4
17,기타 대학,0,0,0,0,0,0,0,0,2,2
17,기타 대학,0,0,0,0,0,0,0,0,3,3
17,기타 대학,0,0,0,0,0,0,0,0,1,1
17,연세대,0,0,0,0,0,0,0,0,2,2
17,이화여대,0,0,0,0,0,0,0,0,5,5
17,기타 대학,0,0,0,0,0,0,0,0,1,1
17,기타 대학,0,0,0,0,0,0,0,0,6,6
17,중앙대,0,0,0,0,0,0,0,0,1,1
17,기타 대학,0,0,0,0,0,0,0,0,2,2
17,한동대,0,0,0,0,0,0,0,0,1,1
17,한양대,0,0,0,0,0,0,0,0,3,3
17,홍익대,0,0,0,0,0,0,0,0,4,4
22,해외대,0,0,0,1,0,0,0,0,0,1
18,건국대,0,0,0,0,0,0,0,0,1,1
18,기타 대학,0,0,0,0,0,0,0,0,1,1
18,기타 대학,0,0,0,0,0,0,0,0,1,1
18,경희대,0,0,0,0,0,0,0,0,6,6
18,고려대,0,0,0,0,0,0,0,0,7,7
18,기타 대학,0,0,0,0,0,0,0,0,2,2
18,기타 대학,0,0,0,0,0,0,0,0,4,4
18,기타 대학,0,0,0,0,0,0,0,0,1,1
18,기타 대학,0,0,0,0,0,0,0,0,1,1
18,동국대,0,0,0,0,0,0,0,0,3,3
18,기타 대학,0,0,0,0,0,0,0,0,1,1
18,부산대,0,0,0,0,0,0,0,0,1,1
18,서강대,0,0,0,0,0,0,0,0,4,4
18,서울대,0,0,0,0,0,0,0,0,4,4
18,성균관대,0,0,0,0,0,0,0,0,13,13
18,기타 대학,0,0,0,0,0,0,0,0,1,1
18,숙명여대,0,0,0,0,0,0,0,0,4,4
18,기타 대학,0,0,0,0,0,0,0,0,1,1
18,연세대,0,0,0,0,0,0,0,0,9,9
18,기타 대학,0,0,0,0,0,0,0,0,1,1
18,이화여대,0,0,0,0,0,0,0,0,11,11
18,전남대,0,0,0,0,0,0,0,0,18,18
18,기타 대학,0,0,0,0,0,0,0,0,1,1
18,기타 대학,0,0,0,0,0,0,0,0,7,7
18,중앙대,0,0,0,0,0,0,0,0,2,2
18,한국외대,0,0,0,0,0,0,0,0,6,6
18,한동대,0,0,0,0,0,0,0,0,4,4
18,한양대,0,0,0,0,0,0,0,0,2,2
18,홍익대,0,0,0,0,0,0,0,0,8,8
19,기타 대학,0,0,0,0,0,0,0,0,1,1
19,기타 대학,0,0,0,0,0,0,0,0,1,1
19,한동대,0,0,0,0,0,0,0,0,1,1
19,전남대,0,0,0,0,0,0,0,0,2,2
19,경북대,0,0,0,0,0,0,0,0,2,2
19,부산대,0,0,0,0,0,0,0,0,1,1
19,기타 대학,0,0,0,0,0,0,0,0,1,1
19,건국대,0,0,0,0,0,0,0,0,1,1
19,경희대,0,0,0,0,0,0,0,0,4,4
19,고려대,0,0,0,0,0,0,0,0,7,7
19,기타 대학,0,0,0,0,0,0,0,0,3,3
19,기타 대학,0,0,0,0,0,0,0,0,2,2
19,기타 대학,0,0,0,0,0,0,0,0,5,5
19,기타 대학,0,0,0,0,0,0,0,0,1,1
19,동국대,0,0,0,0,0,0,0,0,1,1
19,서울대,0,0,0,0,0,0,0,0,1,1
19,서울시립대,0,0,0,0,0,0,0,0,1,1
19,성균관대,0,0,0,0,0,0,0,0,6,6
19,숙명여대,0,0,0,0,0,0,0,0,4,4
19,기타 대학,0,0,0,0,0,0,0,0,1,1
19,연세대,0,0,0,0,0,0,0,0,2,2
19,이화여대,0,0,0,0,0,0,0,0,5,5
19,중앙대,0,0,0,0,0,0,0,0,2,2
19,한국외대,0,0,0,0,0,0,0,0,5,5
19,한양대,0,0,0,0,0,0,0,0,2,2
19,홍익대,0,0,0,0,0,0,0,0,2,2
22,해외대,0,0,1,0,0,0,0,0,0,1
19,기타 대학,0,0,0,0,0,0,0,0,2,2
19,전북대,0,0,0,0,0,0,0,0,12,12
19,서강대,0,0,0,0,0,0,0,0,1,1
20,기타 대학,0,0,0,0,0,0,0,0,1,1
20,경북대,0,0,0,0,0,0,0,0,2,2
20,고려대,0,0,0,0,0,0,0,0,3,3
20,기타 대학,0,0,0,0,0,0,0,0,2,2
20,기타 대학,0,0,0,0,0,0,0,0,1,1
20,동국대,0,0,0,0,0,0,0,0,1,1
20,동아대,0,0,0,0,0,0,0,0,1,1
20,기타 대학,0,0,0,0,0,0,0,0,1,1
20,부산대,0,0,0,0,0,0,0,0,1,1
20,서강대,0,0,0,0,0,0,0,0,1,1
20,서울시립대,0,0,0,0,0,0,0,0,1,1
20,성균관대,0,0,0,0,0,0,0,0,1,1
20,기타 대학,0,0,0,0,0,0,0,0,3,3
20,숙명여대,0,0,0,0,0,0,0,0,1,1
20,기타 대학,0,0,0,0,0,0,0,0,1,1
20,기타 대학,0,0,0,0,0,0,0,0,1,1
20,기타 대학,0,0,0,0,0,0,0,0,1,1
20,기타 대학,0,0,0,0,0,0,0,0,2,2
20,기타 대학,0,0,0,0,0,0,0,0,2,2
20,기타 대학,0,0,0,0,0,0,0,0,4,4
20,기타 대학,0,0,0,0,0,0,0,0,1,1
20,한국외대,0,0,0,0,0,0,0,0,3,3
20,기타 대학,0,0,0,0,0,0,0,0,1,1
20,한양대,0,0,0,0,0,0,0,0,2,2
22,해외대,0,0,0,0,0,0,0,0,1,1
22,해외대,0,0,0,0,0,0,0,0,1,1
21,고려대,0,0,0,0,0,0,0,0,8,8
23,카이스트,0,0,0,0,0,0,1,0,0,1
21,서울대,0,0,0,0,0,0,0,0,3,3
21,성균관대,0,0,0,0,0,0,0,0,7,7
21,연세대,0,0,0,0,0,0,0,0,5,5
21,이화여대,0,0,0,0,0,0,0,0,5,5
21,중앙대,0,0,0,0,0,0,0,0,17,17
21,한양대,0,0,0,0,0,0,0,0,1,1
23,해외대,1,0,0,0,0,0,0,0,0,1
22,기타 대학,0,0,0,0,0,0,0,0,1,1
22,건국대,0,0,0,0,0,0,0,0,2,2
22,기타 대학,0,0,0,0,0,0,0,0,1,1
22,경희대,0,0,0,0,0,0,0,0,6,6
22,고려대,0,0,0,0,0,0,0,0,6,6
22,기타 대학,0,0,0,0,0,0,0,0,1,1
22,기타 대학,0,0,0,0,0,0,0,0,1,1
22,기타 대학,0,0,0,0,0,0,0,0,1,1
22,기타 대학,0,0,0,0,0,0,0,0,2,2
22,기타 대학,0,0,0,0,0,0,0,0,1,1
22,기타 대학,0,0,0,0,0,0,0,0,3,3
22,기타 대학,0,0,0,0,0,0,0,0,1,1
22,동아대,0,0,0,0,0,0,0,0,1,1
22,기타 대학,0,0,0,0,0,0,0,0,1,1
22,부산대,0,0,0,0,0,0,0,0,1,1
22,한양대,0,0,0,0,0,0,0,0,2,2
22,기타 대학,0,0,0,0,0,0,0,0,1,1
22,홍익대,0,0,0,0,0,0,0,0,7,7
22,한동대,0,0,0,0,0,0,0,0,1,1
22,서강대,0,0,0,0,0,0,0,0,3,3
22,서울대,0,0,0,0,0,0,0,0,4,4
22,성균관대,0,0,0,0,0,0,0,0,10,10
22,기타 대학,0,0,0,0,0,0,0,0,2,2
22,숙명여대,0,0,0,0,0,0,0,0,3,3
22,연세대,0,0,0,0,0,0,0,0,7,7
22,기타 대학,0,0,0,0,0,0,0,0,2,2
22,이화여대,0,0,0,0,0,0,0,0,9,9
22,기타 대학,0,0,0,0,0,0,0,0,2,2
22,기타 대학,0,0,0,0,0,0,0,0,1,1
23,해외대,0,1,0,0,0,0,0,0,0,1
22,전북대,0,0,0,0,0,0,0,0,1,1
22,중앙대,0,0,0,0,0,0,0,0,3,3
22,기타 대학,0,0,0,0,0,0,0,0,1,1
22,충남대,0,0,0,0,0,0,0,0,8,8
22,기타 대학,0,0,0,0,0,0,0,0,1,1
22,기타 대학,0,0,0,0,0,0,0,0,4,4
22,한국외대,0,0,0,0,0,0,0,0,2,2
22,기타 대학,0,0,0,0,0,0,0,0,1,1
22,기타 대학,0,0,0,0,0,0,0,0,2,2
23,해외대,0,0,0,0,0,0,0,1,0,1
23,해외대,0,0,0,0,0,0,0,1,0,1
23,해외대,0,1,0,0,0,0,0,0,0,1
23,건국대,0,0,0,0,0,0,0,0,1,1
23,기타 대학,0,0,0,0,0,0,0,0,1,1
23,경희대,0,0,0,0,0,0,0,0,6,6
23,고려대,0,0,0,0,0,0,0,0,4,4
23,기타 대학,0,0,0,0,0,0,0,0,1,1
23,기타 대학,0,0,0,0,0,0,0,0,3,3
23,기타 대학,0,0,0,0,0,0,0,0,1,1
23,동국대,0,0,0,0,0,0,0,0,2,2
23,부산대,0,0,0,0,0,0,0,0,1,1
23,서강대,0,0,0,0,0,0,0,0,2,2
23,한양대,0,0,0,0,0,0,0,0,3,3
23,홍익대,0,0,0,0,0,0,0,0,2,2
23,성균관대,0,0,0,0,0,0,0,0,4,4
23,기타 대학,0,0,0,0,0,0,0,0,1,1
23,기타 대학,0,0,0,0,0,0,0,0,1,1
23,숙명여대,0,0,0,0,0,0,0,0,4,4
23,기타 대학,0,0,0,0,0,0,0,0,1,1
23,연세대,0,0,0,0,0,0,0,0,6,6
23,기타 대학,0,0,0,0,0,0,0,0,1,1
23,이화여대,0,0,0,0,0,0,0,0,7,7
23,중앙대,0,0,0,0,0,0,0,0,3,3
23,충남대,0,0,0,0,0,0,0,0,4,4
23,기타 대학,0,0,0,0,0,0,0,0,6,6
23,한국외대,0,0,0,0,0,0,0,0,2,2
23,기타 대학,0,0,0,0,0,0,0,0,1,1
23,한동대,0,0,0,0,0,0,0,0,1,1
23,기타 대학,0,0,0,0,0,0,0,0,2,2
24,기타 대학,0,0,0,0,0,0,0,0,1,1
24,경찰대,0,0,0,0,0,0,0,0,1,1
24,고려대,0,0,0,0,0,0,0,0,8,8
24,기타 대학,0,0,0,0,0,0,0,0,1,1
24,기타 대학,0,0,0,0,0,0,0,0,1,1
24,동국대,0,0,0,0,0,0,0,0,2,2
24,서강대,0,0,0,0,0,0,0,0,3,3
24,서울대,0,0,0,0,0,0,0,0,1,1
24,서울시립대,0,0,0,0,0,0,0,0,1,1
24,성균관대,0,0,0,0,0,0,0,0,4,4
24,기타 대학,0,0,0,0,0,0,0,0,1,1
24,기타 대학,0,0,0,0,0,0,0,0,1,1
24,연세대,0,0,0,0,0,0,0,0,9,9
24,이화여대,0,0,0,0,0,0,0,0,1,1
24,중앙대,0,0,0,0,0,0,0,0,1,1
24,기타 대학,0,0,0,0,0,0,0,0,1,1
24,기타 대학,0,0,0,0,0,0,0,0,1,1
24,한국외대,0,0,0,0,0,0,0,0,12,12
24,한양대,0,0,0,0,0,0,0,0,4,4
24,홍익대,0,0,0,0,0,0,0,0,1,1
23,해외대,0,0,0,0,0,0,0,0,1,1
23,해외대,0,0,0,0,0,0,0,0,1,1
8,연세대,0,0,0,0,0,0,0,0,15,15
8,고려대,0,0,0,0,0,0,0,0,15,15
8,서울대,0,0,0,0,0,0,0,0,6,6
8,서강대,0,0,0,0,0,0,0,0,3,3
8,이화여대,0,0,0,0,0,0,0,0,1,1
8,기타 대학,0,0,0,0,0,0,0,0,1,1
16,서울대,0,0,0,0,0,0,0,0,14,14
16,연세대,0,0,0,0,0,0,0,0,21,21
16,고려대,0,0,0,0,0,0,0,0,24,24
16,이화여대,0,0,0,0,0,0,0,0,29,29
23,해외대,0,0,0,0,0,0,0,0,1,1
16,서강대,0,0,0,0,0,0,0,0,4,4
16,경희대,0,0,0,0,0,0,0,0,1,1
16,경찰대,0,0,0,0,0,0,0,0,1,1
16,성균관대,0,0,0,0,0,0,0,0,1,1
24,카이스트,1,0,0,1,0,0,0,0,0,2
24,해외대,1,0,0,0,0,0,0,0,0,1
24,해외대,0,0,0,0,0,1,0,0,0,1
24,해외대,1,0,0,0,0,0,0,0,0,1
16,건국대,0,0,0,0,0,0,0,0,1,1
24,해외대,0,0,0,0,1,0,0,0,0,1
16,숙명여대,0,0,0,0,0,0,0,0,2,2
5,고려대,0,0,0,0,0,0,0,0,64,64
5,서울대,0,0,0,0,0,0,0,0,44,44
5,연세대,0,0,0,0,0,0,0,0,5,5
25,카이스트,2,6,2,1,0,2,0,0,0,13
5,한양대,0,0,0,0,0,0,0,0,2,2
25,해외대,1,0,0,0,0,0,0,0,0,1
25,해외대,0,0,1,0,0,0,0,0,0,1
25,해외대,0,0,0,0,1,0,0,0,0,1
5,이화여대,0,0,0,0,0,0,0,0,1,1
5,기타 대학,0,0,0,0,0,0,0,0,1,1
13,서울대,0,0,0,0,0,0,0,0,44,44
13,연세대,0,0,0,0,0,0,0,0,59,59
13,고려대,0,0,0,0,0,0,0,0,7,7
25,해외대,0,0,0,0,0,0,0,1,0,1
25,해외대,0,0,0,0,0,0,0,1,0,1
25,해외대,0,0,0,0,0,0,0,1,0,1
13,한양대,0,0,0,0,0,0,0,0,4,4
13,성균관대,0,0,0,0,0,0,0,0,2,2
13,이화여대,0,0,0,0,0,0,0,0,1,1
13,서강대,0,0,0,0,0,0,0,0,2,2
13,홍익대,0,0,0,0,0,0,0,0,1,1
25,해외대,0,0,0,0,0,1,0,0,0,1
13,동국대,0,0,0,0,0,0,0,0,1,1
13,기타 대학,0,0,0,0,0,0,0,0,1,1
13,기타 대학,0,0,0,0,0,0,0,0,1,1
13,경찰대,0,0,0,0,0,0,0,0,1,1
13,경희대,0,0,0,0,0,0,0,0,1,1
13,숙명여대,0,0,0,0,0,0,0,0,1,1
2,홍익대,0,0,0,0,0,0,0,0,4,4
2,고려대,0,0,0,0,0,0,0,0,2,2
2,건국대,0,0,0,0,0,0,0,0,7,7
2,서울대,0,0,0,0,0,0,0,0,3,3
2,이화여대,0,0,0,0,0,0,0,0,3,3
2,서강대,0,0,0,0,0,0,0,0,2,2
2,기타 대학,0,0,0,0,0,0,0,0,1,1
2,기타 대학,0,0,0,0,0,0,0,0,1,1
2,한동대,0,0,0,0,0,0,0,0,1,1
2,연세대,0,0,0,0,0,0,0,0,3,3
2,한국외대,0,0,0,0,0,0,0,0,1,1
2,숙명여대,0,0,0,0,0,0,0,0,1,1
2,기타 대학,0,0,0,0,0,0,0,0,1,1
6,기타 대학,0,0,0,0,0,0,0,0,0,0
6,건국대 ,3,0,0,1,1,1,2,0,0,8
6,기타 대학,0,0,0,0,0,0,0,1,0,1
6,기타 대학,0,1,0,0,0,0,0,0,0,1
6,기타 대학,0,0,0,1,1,0,0,0,0,2
6,경북대 ,1,3,5,3,1,1,3,0,0,17
6,기타 대학,0,0,0,1,1,0,0,0,0,2
6,기타 대학,0,0,1,0,0,0,0,0,0,1
6,경찰대 ,0,0,0,0,1,0,0,0,0,1
6,경희대 ,2,4,3,4,5,2,0,2,0,22
6,고려대 ,9,10,6,9,6,14,11,2,0,67
6,기타 대학,0,1,0,0,2,0,0,0,0,3
6,기타 대학,0,1,0,0,0,0,0,0,0,1
6,기타 대학,0,0,0,0,0,0,0,1,0,1
6,기타 대학,0,0,0,0,0,1,0,0,0,1
6,기타 대학,0,0,0,0,0,0,1,0,0,1
6,동국대 ,0,0,2,0,1,0,0,0,0,3
6,기타 대학,0,0,0,0,1,0,0,0,0,1
6,동아대,4,12,14,8,9,14,16,18,0,95
6,기타 대학,0,0,0,0,1,0,0,0,0,1
6,기타 대학,1,1,0,0,0,0,0,0,0,2
6,기타 대학,0,0,0,0,1,0,0,1,0,2
6,부산대,10,2,4,1,5,3,5,4,0,34
6,기타 대학,0,1,0,0,0,0,0,0,0,1
6,서강대 ,0,0,4,2,0,1,2,0,0,9
6,서울대 ,4,6,4,5,2,10,7,6,0,44
6,서울시립대 ,2,1,0,1,0,0,0,0,0,4
6,성균관대 ,9,4,5,5,5,7,6,9,0,50
6,기타 대학,0,0,0,0,2,0,0,0,0,2
6,기타 대학,1,0,0,0,0,0,0,0,0,1
6,기타 대학,0,0,0,0,0,0,0,1,0,1
6,숙명여대 ,0,2,4,2,4,0,0,1,0,13
6,기타 대학,0,0,0,0,0,1,0,2,0,3
6,기타 대학,0,1,0,0,0,0,0,0,0,1
6,기타 대학,0,0,0,1,0,0,0,0,0,1
6,기타 대학,0,0,0,0,2,0,0,0,0,2
6,기타 대학,1,0,1,0,0,0,0,0,0,2
6,연세대 ,8,7,7,8,6,6,11,7,0,60
21,기타 대학,0,0,0,0,0,0,0,0,1,1
