schoolindex,school,y9,y10,y11,y12,y13,y14,y15,y16,y17
1,가톨릭대,0,0,1,0,0,0,0,0,0
1,강원대,2,5,3,7,4,3,3,4,0
1,건국대,0,1,2,1,3,5,3,2,0
1,경북대,1,0,0,0,0,0,1,0,0
1,경찰대,0,0,0,0,0,2,0,0,0
1,경희대,0,0,1,4,2,1,2,3,0
1,고려대,8,6,6,4,5,5,9,1,0
1,광운대,0,0,0,0,0,1,0,0,0
1,국민대,1,2,1,0,1,0,0,0,0
1,동국대,1,0,0,0,1,0,0,1,0
1,동덕여대,0,0,0,0,0,0,0,1,0
1,동아대,1,0,0,0,0,0,0,0,0
1,명지대,1,0,1,0,0,0,0,1,0
1,부산대,0,0,0,0,0,0,1,0,0
1,서강대,0,1,1,2,0,0,0,2,0
1,서울교대,0,1,0,0,0,0,0,0,0
1,서울대,10,5,3,7,1,5,3,3,0
1,서울시립대,2,1,0,4,2,0,3,4,0
1,성균관대,3,1,2,2,6,4,0,0,0
1,성신여대,0,0,0,1,1,1,1,2,0
1,세종대,0,0,1,0,0,0,1,0,0
1,숙명여대,0,2,3,0,2,0,1,0,0
1,숭실대,0,0,0,0,0,0,0,1,0
1,연세대,4,5,6,3,4,2,1,3,0
1,이화여대,4,3,6,3,3,6,3,2,0
1,인천대,0,0,1,1,0,0,0,1,0
1,인하대,0,0,0,0,0,0,0,0,0
1,전남대,0,0,0,0,0,1,0,0,0
1,조선대,0,0,0,0,0,0,0,1,0
1,중앙대,0,2,1,0,1,1,0,2,0
1,충남대,0,0,0,0,1,0,0,0,0
1,포항공대,0,1,0,0,0,0,0,0,0
1,학점은행,0,0,0,0,0,0,1,0,0
1,한국외대,2,2,1,0,1,1,3,3,0
1,한동대,0,0,0,1,1,0,0,0,0
1,한림대,0,0,0,0,0,0,1,0,0
1,한양대,0,3,1,2,3,1,2,5,0
1,홍익대,0,0,0,1,0,0,1,1,0
1,Columbia University,0,0,0,0,0,1,0,0,0
1,가톨릭대,0,0,0,0,0,0,0,0,2
1,강원대,0,0,0,0,0,0,0,0,2
1,건국대,0,0,0,0,0,0,0,0,3
1,경희대,0,0,0,0,0,0,0,0,6
1,고려대,0,0,0,0,0,0,0,0,3
1,광운대,0,0,0,0,0,0,0,0,1
1,동국대,0,0,0,0,0,0,0,0,2
1,명지대,0,0,0,0,0,0,0,0,1
1,부산외대,0,0,0,0,0,0,0,0,1
1,서울대,0,0,0,0,0,0,0,0,1
1,성균관대,0,0,0,0,0,0,0,0,3
1,성신여대,0,0,0,0,0,0,0,0,1
1,세종대,0,0,0,0,0,0,0,0,1
1,숙명여대,0,0,0,0,0,0,0,0,2
1,연세대,0,0,0,0,0,0,0,0,6
1,이화여대,0,0,0,0,0,0,0,0,1
1,인하대,0,0,0,0,0,0,0,0,1
1,전남대,0,0,0,0,0,0,0,0,1
1,한동대,0,0,0,0,0,0,0,0,1
1,한림대,0,0,0,0,0,0,0,0,2
1,한양대,0,0,0,0,0,0,0,0,2
1,홍익대,0,0,0,0,0,0,0,0,2
2,건국대,2,6,0,2,3,3,9,7,0
2,경찰대,0,0,0,0,0,1,0,0,0
2,경희대,0,2,0,1,3,0,0,0,0
2,고려대,6,6,6,5,12,6,2,2,0
2,국민대,0,0,0,0,0,0,0,1,0
2,광운대,0,0,0,0,0,1,0,0,0
2,대구가톨릭대,0,0,0,0,0,1,0,0,0
2,동국대,0,0,0,0,0,0,0,1,0
2,부산대,0,0,1,0,0,0,0,0,0
2,서강대,1,0,5,0,1,1,3,3,0
2,서울대,11,3,3,5,0,8,8,4,0
2,서울시립대,0,0,2,1,3,0,0,0,0
2,성균관대,0,2,4,5,1,3,1,0,0
2,세종대,0,0,0,0,1,0,0,0,0
2,숙명여대,1,0,0,2,2,0,2,2,0
2,연세대,11,11,10,8,7,6,2,8,0
2,이화여대,2,3,2,6,5,4,7,8,0
2,인하대,0,1,0,1,0,0,0,0,0
2,제주대,0,0,1,0,0,0,0,0,0
2,중앙대,1,1,0,1,0,0,0,0,0
2,포항공대,0,0,1,0,0,0,0,0,0
2,카이스트,0,3,0,0,0,0,0,0,0
2,학점은행,0,1,1,0,1,0,0,0,0
2,한국교원대,0,0,0,0,1,0,0,0,0
2,한국외대,0,0,1,1,0,1,0,1,0
2,한동대,0,0,0,0,0,0,2,0,0
2,한양대,2,2,3,2,2,1,2,3,0
2,홍익대,1,0,1,0,1,0,1,1,0
2,Peking University,0,0,1,0,0,0,0,0,0
2,Waseda University,0,0,0,0,0,0,0,1,0
2,University of California,1,0,0,0,0,0,0,0,0
2,George Washington University,1,0,0,0,0,0,0,0,0
2,Boston University,0,1,0,0,0,0,0,0,0
2,State Univerisity of New York,0,0,1,0,0,0,0,0,0
2,Tuffs University,0,0,0,1,0,0,0,0,0
2,University of illinois at chicago,0,0,0,1,0,1,0,1,0
2,University of Vicoto,0,0,0,1,0,0,0,0,0
2,Wesleyan University,0,0,0,1,0,0,0,0,0
2,University of Michigan,0,0,0,0,0,1,0,0,0
2,Ohio State University,0,0,0,0,0,1,0,0,0
2,Emory Universtiy,0,0,0,0,0,0,1,0,0
2,Johns Hopkins,0,0,0,0,0,0,1,0,0
3,건국대,0,2,2,3,0,1,0,1,0
3,경북대,29,27,29,35,23,21,22,20,0
3,경상대,1,0,0,0,0,0,0,1,0
3,경성대,0,1,0,0,0,0,0,0,0
3,경찰대,6,0,0,1,4,10,4,2,0
3,경희대,0,0,2,2,3,2,2,2,0
3,계명대,0,0,0,2,0,0,1,0,0
3,고려대,15,15,10,10,16,13,19,12,0
3,대구가룰릭대,0,2,0,0,0,0,1,0,0
3,대구교대,0,0,0,0,2,0,0,2,0
3,동국대,1,1,1,3,0,2,0,0,0
3,명지대,0,0,0,0,1,0,0,0,0
3,부경대,1,0,0,0,0,0,0,0,0
3,부산대,1,1,2,2,0,0,0,0,0
3,상명대,0,0,0,1,0,0,0,0,0
3,서강대,0,5,3,1,3,2,3,3,0
3,서경대,0,0,0,1,0,0,0,0,0
3,서울교대,0,0,1,0,0,0,1,1,0
3,서울대,20,16,8,8,7,12,16,13,0
3,서울시립대,1,0,2,0,3,5,0,0,0
3,성균관대,3,15,9,9,14,8,10,10,0
3,숙명여대,0,1,3,2,2,0,0,4,0
3,숭실대,0,0,0,0,0,0,0,1,0
3,아주대,1,1,0,1,0,1,0,0,0
3,연세대,12,10,15,7,8,17,16,21,0
3,영남대,0,0,0,1,4,3,0,1,0
3,울산과기대,0,0,0,0,0,2,0,0,0
3,울산대,1,0,0,0,0,0,0,0,0
3,육군사관학교,0,0,0,0,0,0,2,0,0
3,원광대,0,1,0,0,0,0,0,0,0
3,을지대,0,0,0,0,0,0,1,0,0
3,이화여대,8,5,8,4,8,9,6,6,0
3,인하대,0,0,0,1,0,0,0,0,0
3,전북대,0,0,0,1,0,0,0,0,0
3,제주대,0,0,0,1,0,0,0,0,0
3,중앙대,1,4,5,3,8,0,3,7,0
3,창원대,1,0,0,1,0,0,0,0,0
3,청주교대,0,0,0,0,1,0,0,0,0
3,충남대,1,1,0,2,1,0,0,0,0
3,충북대,0,1,1,0,0,0,0,0,0
3,학점은행,0,0,0,1,0,0,0,0,0
3,포항공대,1,0,0,0,0,0,1,0,0
3,카이스트,1,2,0,0,0,0,1,0,0
3,한국교원대,0,1,1,0,0,0,0,0,0
3,한국예술종합학교,0,0,0,0,0,1,0,0,0
3,한국외대,0,4,4,5,1,3,3,1,0
3,한국항공대,1,0,1,1,0,0,0,0,0
3,한국해양대,0,0,0,1,0,0,0,0,0
3,한동대,2,2,1,2,1,0,3,5,0
3,한양대,10,7,9,16,13,9,9,17,0
3,홍익대,2,2,3,0,1,0,2,2,0
3,Peking University,0,0,0,0,0,1,0,0,0
3,Carleton College,0,1,0,0,0,0,0,0,0
3,George Washington University,0,1,0,0,0,0,0,0,0
3,University of Rochester,0,1,0,0,0,0,0,0,0
3,State Univerisity of New York,0,0,1,0,0,0,0,0,0
3,University of Wisconsin Madison,0,0,0,0,1,0,0,0,0
3,Carnegie Mellon University,0,0,0,0,0,1,0,0,0
4,경북대,0,0,1,0,0,0,0,0,0
4,경인교대,0,0,0,0,0,0,0,1,0
4,경찰대,0,3,2,1,2,1,3,0,0
4,경희대,9,9,11,14,12,14,11,11,0
4,고려대,10,15,9,14,6,9,13,8,0
4,공군사관학교,0,0,1,0,0,0,0,0,0
4,국민대,0,0,0,1,0,1,0,0,0
4,덕성여대,0,1,0,0,0,0,0,0,0
4,동국대,0,0,0,0,2,0,2,2,0
4,부산대,0,0,0,0,0,1,0,0,0
4,서강대,0,1,1,3,2,2,2,1,0
4,서울교대,0,0,1,0,0,0,0,0,0
4,서울대,20,11,11,6,6,8,8,9,0
4,서울시립대,0,0,1,0,0,0,0,0,0
4,성균관대,3,0,4,2,3,2,1,5,0
4,세종대,1,0,0,0,0,0,0,0,0
4,숙명여대,0,0,1,1,1,0,2,4,0
4,숭실대,0,1,0,0,1,0,0,0,0
4,연세대,10,11,6,8,12,8,14,14,0
4,이화여대,0,1,3,9,6,6,1,3,0
4,인하대,0,0,0,1,0,0,0,0,0
4,전북대,1,0,0,0,0,0,0,0,0
4,중앙대,0,1,0,0,0,0,0,1,0
4,포항공대,1,0,0,0,0,1,0,0,0
4,카이스트,1,2,1,0,0,3,0,1,0
4,학점은행,0,0,2,0,0,0,0,2,0
4,한국외대,1,0,0,0,1,0,1,0,0
4,한국항공대,0,0,0,0,0,0,1,0,0
4,한동대,0,1,2,2,0,1,0,0,0
4,한림대,2,4,4,1,8,4,3,0,0
4,한양대,0,0,0,1,1,1,0,1,0
4,홍익대,0,0,0,0,0,1,0,3,0
4,State Univerisity of New York,1,0,0,0,0,0,0,0,0
4,University of Michigan,0,0,1,0,0,0,0,0,0
5,경북대,0,0,0,0,1,0,0,0,0
5,경찰대,3,3,1,2,1,1,4,1,0
5,경희대,0,0,1,0,0,0,0,0,0
5,고려대,57,50,60,68,82,55,59,63,0
5,부산대,1,0,0,0,0,1,0,0,0
5,서강대,0,2,1,0,0,0,1,1,0
5,서울대,48,43,37,35,24,43,47,35,0
5,성균관대,0,0,0,0,0,1,0,0,0
5,연세대,5,9,8,8,7,11,4,6,0
5,울산대,0,1,0,0,0,0,0,0,0
5,이화여대,1,4,2,1,1,2,2,4,0
5,조선대,0,0,0,1,0,0,0,0,0
5,포천중문의대,0,1,0,0,0,0,0,0,0
5,포항공대,2,2,3,1,2,0,1,0,0
5,카이스트,2,6,8,3,5,2,1,7,0
5,한국방통대,0,0,0,0,0,0,0,1,0
5,학점은행,0,0,0,0,0,0,1,0,0
5,한양대,1,2,0,1,1,1,1,3,0
5,Peking University,1,1,0,0,0,0,0,0,0
5,Waseda University,0,0,0,0,0,1,0,0,0
5,Columbia University,0,0,1,0,0,0,0,0,0
5,Duke Univeristy,0,0,0,1,0,0,0,0,0
5,Northwester University,0,0,0,1,0,0,0,0,0
5,University of Michigan,0,0,1,0,0,0,0,0,0
5,Wellesley College,0,0,0,1,0,0,0,0,0
5,Dartmouth College,0,0,0,0,1,0,0,0,0
5,Georgetown University,0,0,0,0,0,1,0,0,0
5,University of California,0,0,0,0,0,2,0,0,0
5,Brown University,0,0,0,0,0,1,0,0,0
5,Bowdoin College,0,0,0,0,0,1,0,0,0
5,Tufts University,0,0,0,0,0,1,0,0,0
5,Tulane University,0,0,0,0,0,1,0,0,0
5,Emory University,0,0,0,0,0,1,0,0,0
5,university of pennsylvania,0,0,0,0,0,1,0,0,0
5,New York University,0,0,0,0,0,0,1,0,0
5,Stanford University,0,0,0,0,0,0,1,0,0
5,University of California,0,0,0,0,0,0,1,0,0
5,University of Virginia,0,0,0,0,0,0,1,0,0
5,Wesleyan University,0,0,0,0,0,0,1,0,0
5,Cornell University,0,0,0,0,0,0,0,2,0
5,The Hong Kong University,0,0,0,0,0,0,0,1,0
5,University College London,0,0,0,0,0,0,0,1,0
5,University of Notre Dame,0,0,0,0,0,0,0,1,0
5,Washington University,0,0,0,0,0,0,0,1,0
6,영남대,2,0,3,3,1,0,0,0,0
6,영산대,1,4,1,1,0,0,1,0,0
6,원광대,0,1,0,0,0,0,0,0,0
6,이화여대,4,10,5,4,3,2,7,6,0
6,인제대,0,0,0,0,0,0,0,1,0
6,인천대,1,0,0,0,0,0,0,0,0
6,인하대,0,1,0,0,1,0,0,0,0
6,전남대,2,0,0,0,0,0,1,0,0
6,전북대,0,1,0,0,0,0,0,0,0
6,중앙대,0,1,2,0,2,0,1,1,0
6,진주교대,0,1,0,0,0,0,0,1,0
6,창원대,0,0,0,0,1,0,0,1,0
6,충남대,0,0,0,1,0,1,0,0,0
6,학점은행,0,0,1,0,0,0,0,1,0
5,카이스트,0,0,0,0,0,0,0,0,2
6,한국방통대,0,0,1,0,0,0,0,0,0
6,한국사이버대,0,1,1,0,0,0,0,0,0
6,한국예술종합학교,0,0,0,0,0,0,1,0,0
6,한국외대,4,1,1,3,3,3,1,1,0
6,한국항공대,0,0,0,1,0,0,0,0,0
6,한국해양대,1,1,0,3,0,0,0,1,0
6,한남대,0,0,0,1,0,0,0,0,0
6,한동대,2,0,0,1,1,0,0,0,0
6,한양대,3,3,6,8,6,11,2,3,0
6,홍익대,5,1,0,0,0,0,1,2,0
5,Oxford,0,0,0,0,0,0,0,0,2
6,정법대,0,0,0,0,0,1,0,0,0
5,Rice University,0,0,0,0,0,0,0,0,1
6,복단대,0,0,0,0,2,0,0,0,0
5,Columbia University,0,0,0,0,0,0,0,0,1
6,카이스트,0,0,1,0,0,0,1,0,0
6,Waseda University,0,0,0,0,0,0,1,0,0
6,Tsinghua University,0,0,0,1,0,0,0,0,0
6,Nanjing University,0,0,0,0,0,0,0,1,0
6,Peking University,0,0,0,0,0,0,0,2,0
6,Ohio State University,0,1,0,0,0,0,0,0,0
6,Baylor University,0,0,0,1,0,0,0,0,0
6,Purdue University,0,0,1,0,0,0,0,0,0
6,Queens University,0,1,0,0,0,0,0,0,0
6,School of Visual Arts,0,0,0,1,0,0,0,0,0
6,Smith College,0,0,0,1,0,0,0,0,0
6,University of Auckla,0,0,0,1,1,0,0,0,0
6,University of California,0,0,0,1,0,0,0,0,0
6,University of Michigan,0,0,1,0,0,0,0,0,0
6,University of South ,0,0,0,1,0,1,0,0,0
6,University of Washinton,0,1,0,0,1,0,0,0,0
6,State Univerisity of New York,0,0,0,0,1,0,0,0,0
6,George Washington University,0,0,0,0,1,0,0,0,0
6,State Univerisity of New York,0,0,0,0,1,0,0,0,0
6,University of Iowa,0,0,0,0,1,0,0,0,0
6,Cornell University,0,0,0,0,0,1,0,0,0
6,Carnegie Mellon University,0,0,0,0,0,0,1,0,0
7,숙명여대,0,0,0,1,0,0,1,0,0
7,아주대,0,0,0,0,1,0,0,0,0
7,연세대,18,12,21,15,19,17,20,34,0
7,영남대,0,0,0,0,0,0,1,0,0
7,울산대,1,0,0,0,0,0,0,0,0
7,원광대,0,1,1,0,1,0,0,1,0
7,이화여대,8,11,8,8,8,12,10,5,0
7,인제대,0,1,1,0,0,0,0,0,0
7,전남대,0,1,0,0,0,0,0,0,0
7,조선대,0,1,0,0,0,0,0,0,0
7,중앙대,1,1,1,1,3,1,2,0,0
7,청주교대,0,0,0,0,1,0,0,0,0
7,충남대,0,0,1,0,0,0,0,0,0
7,학점은행,0,0,0,1,1,0,0,0,0
7,포항공대,1,0,0,1,1,0,0,0,0
6,University of Minnesota,0,0,0,0,0,0,1,0,0
7,한국교원대,0,0,0,1,0,0,0,0,0
7,한국외대,1,2,0,2,0,2,4,1,0
7,한국항공대,0,0,0,0,1,0,0,0,0
7,한국해양대,1,3,0,3,2,1,2,1,0
7,한동대,0,0,1,0,2,3,0,0,0
7,한양대,2,3,10,6,7,6,11,9,0
6,Emory University,0,0,0,0,0,0,0,1,0
6,University of California,0,0,0,0,0,0,0,2,0
6,Paris 10 University,0,0,0,0,0,0,0,1,0
6,Bangalore University,0,0,0,0,0,0,0,0,1
6,indiana university bloomington,0,0,0,0,0,0,0,0,1
6,Pennsylvania state University,0,0,0,0,0,0,0,0,1
7,강원대,0,0,0,0,1,0,0,0,0
7,건국대,0,0,0,0,0,1,2,0,0
7,경북대,1,0,0,2,0,1,0,0,0
7,경찰대,0,0,0,0,0,0,1,1,0
7,경희대,0,0,0,1,0,1,1,0,0
7,계명대,0,1,0,0,0,0,0,0,0
7,고려대,23,19,23,23,18,17,15,16,0
7,공주교대,0,0,0,1,0,0,0,0,0
7,대구가톨릭대,0,0,0,1,0,0,0,0,0
7,동국대,0,0,0,1,0,0,1,2,0
7,동아대,1,2,0,0,1,0,1,1,0
7,부경대,0,0,1,0,0,2,1,0,0
7,부산교대,0,1,0,0,0,0,0,0,0
7,부산대,37,40,35,37,34,13,23,24,0
7,서강대,2,2,1,1,5,9,4,6,0
7,서울대,16,19,13,12,14,26,16,14,0
7,서울시립대,0,0,0,2,0,0,0,0,0
7,성균관대,6,6,9,6,5,9,9,7,0
8,경북대,0,0,0,0,0,1,0,0,0
8,경찰대,0,0,0,0,1,0,0,0,0
8,경희대,0,0,0,1,2,0,1,0,0
8,고려대,6,7,5,12,6,8,8,9,0
8,동국대,0,0,0,0,0,1,0,0,0
8,서강대,17,9,8,7,7,7,3,4,0
8,서울대,10,11,9,5,9,6,12,13,0
8,성균관대,1,1,2,0,0,0,1,2,0
8,아주대,0,0,0,0,0,0,0,1,0
8,연세대,4,12,15,16,15,15,13,10,0
8,이화여대,0,0,1,1,1,2,1,2,0
6,SUNY Buffalo,0,0,0,0,0,0,0,0,1
8,차의과대학,0,0,0,0,0,0,1,0,0
8,한국예술종합학교,0,0,0,0,1,0,0,0,0
8,한국외대,0,1,1,0,0,0,0,0,0
8,한양대,1,0,1,0,1,0,0,0,0
6,University of California,0,0,0,0,0,0,0,0,1
6,University of London,0,0,0,0,0,0,0,0,1
6,University of South,0,0,0,0,0,0,0,0,2
6,University of Toronto,0,0,0,0,0,0,0,0,1
6,Waseda University,0,0,0,0,0,0,0,0,1
9,가톨릭대,0,0,0,0,0,0,0,1,0
9,강원대,0,1,0,0,0,0,0,0,0
9,건국대,0,0,0,0,0,0,0,1,0
9,경북대,1,0,0,0,0,0,0,0,0
9,경찰대,2,1,1,1,1,3,3,3,0
9,경희대,0,1,0,0,0,1,0,0,0
9,고려대,18,16,21,26,27,16,13,17,0
9,공군사관학교,0,0,0,0,1,0,0,0,0
9,부산대,1,0,0,0,0,0,0,0,0
9,서강대,1,0,0,0,0,1,1,0,0
9,서울대,100,99,103,102,102,100,100,99,0
9,서울시립대,0,0,0,1,0,0,0,0,0
9,성균관대,0,1,0,1,2,1,3,0,0
9,숙명여대,0,0,0,0,0,1,0,0,0
9,연세대,9,18,15,12,10,16,18,20,0
9,육군사관학교,0,0,0,0,1,0,0,0,0
9,이화여대,1,1,0,0,1,0,0,2,0
9,인하대,0,1,0,0,0,0,0,0,0
9,중앙대,0,2,0,0,0,1,0,0,0
9,충남대,0,0,0,0,0,0,1,0,0
9,충북대,1,0,0,0,0,0,0,0,0
9,포항공대,1,2,3,2,2,1,2,0,0
7,카이스트,1,1,2,0,1,0,0,1,0
9,한국외대,0,0,0,0,0,0,1,0,0
9,한양대,0,0,1,0,2,0,2,2,0
9,홍익대,1,0,0,0,0,0,0,1,0
7,Waseda University,0,1,0,0,0,0,1,1,0
9,동경대,0,0,0,1,0,0,0,0,0
7,University of illinois at chicago,0,0,0,0,1,0,0,0,0
7,University of Missouri,0,0,0,0,1,0,0,0,0
7,University of California,0,0,0,0,0,1,0,0,0
7,University College London,0,0,0,0,0,0,1,0,0
7,Washington University,0,0,0,0,0,0,0,1,0
7,Brandeis University,0,0,0,0,0,0,0,0,1
8,카이스트,1,2,0,0,0,1,0,2,0
8,Waseda University,0,0,0,0,0,1,0,0,0
8,Duke University,0,0,1,0,0,0,0,0,0
8,Emory University,0,0,0,0,1,0,0,0,0
8,Moscow state law University,0,0,0,0,0,0,1,0,0
8,Minnesota University,0,0,0,0,0,0,0,1,0
9,카이스트,8,7,4,4,2,6,6,4,0
9,University of Tsukuba,0,1,0,0,0,0,0,0,0
9,Brown University,1,0,0,0,0,0,0,0,0
9,Columbia University,1,0,0,0,0,1,0,0,0
9,Cornell University,2,0,2,0,0,0,1,0,0
9,Dartmouth College,0,1,1,1,0,1,1,1,0
10,강원대,0,0,0,0,0,0,1,0,0
10,건국대,0,0,1,1,0,1,0,0,0
10,경북대,0,1,0,0,0,0,0,0,0
10,경찰대,2,0,0,1,0,0,0,0,0
10,경희대,0,0,0,1,0,0,1,0,0
10,고려대,7,9,13,10,8,0,9,6,0
10,광운대,0,0,0,0,0,1,0,1,0
10,국민대,0,0,0,1,1,1,1,1,0
10,단국대,0,0,0,0,0,0,0,1,0
10,동국대,0,0,1,0,0,0,1,0,0
10,부산대,1,1,0,1,1,0,0,0,0
10,서강대,3,0,0,0,0,4,1,1,0
10,서울대,11,25,13,14,9,13,14,14,0
10,서울시립대,13,8,6,5,14,5,11,9,0
10,성균관대,3,1,6,2,3,3,0,1,0
10,숙명여대,0,0,0,1,0,1,0,1,0
10,아주대,2,0,0,0,1,0,0,0,0
10,연세대,2,3,7,8,10,9,10,8,0
10,원광대,0,0,0,1,0,0,0,0,0
10,이화여대,1,2,2,0,1,6,2,2,0
10,인천대,1,1,0,0,0,0,0,1,0
10,인하대,0,0,0,1,0,1,0,0,0
10,중앙대,0,2,0,2,0,0,0,0,0
10,충남대,1,0,0,0,0,1,0,0,0
9,Harvard University,0,0,1,0,0,0,0,1,0
10,학점은행,0,0,0,0,0,1,0,0,0
10,한국외대,0,0,0,1,1,0,1,0,0
10,한동대,0,0,0,0,0,0,0,2,0
10,한양대,1,1,0,3,0,3,3,2,0
10,홍익대,0,0,0,0,0,0,0,2,0
9,M.I.T,0,1,0,0,1,0,0,0,0
11,가톨릭대,0,0,0,1,0,0,0,1,0
11,건국대,0,1,3,0,1,1,1,0,0
11,경북대,3,1,2,0,1,0,0,0,0
11,경인교대,0,0,0,0,1,0,0,0,0
11,경찰대,1,0,0,0,0,1,3,4,0
11,경희대,0,2,4,3,1,1,1,2,0
11,고려대,12,16,14,19,6,5,8,4,0
11,대구교대,1,0,0,0,0,0,0,0,0
11,단국대,0,0,0,0,0,0,0,1,0
11,동국대,0,1,0,0,0,0,0,0,0
11,명지대,0,0,1,0,0,0,0,0,0
11,부산교대,0,0,1,0,0,0,0,0,0
11,부산대,0,1,3,1,2,1,0,1,0
11,상명대,1,0,0,0,0,0,0,0,0
11,서강대,4,3,4,2,2,1,1,5,0
11,서울교대,1,0,0,0,0,0,0,0,0
11,서울대,50,38,16,30,31,26,31,34,0
11,서울시립대,1,1,1,2,0,2,0,1,0
11,성균관대,18,19,27,36,63,64,51,38,0
11,성신여대,0,0,0,0,0,0,0,1,0
11,세종대,0,0,1,0,0,0,0,0,0
11,숙명여대,0,0,2,0,0,1,0,0,0
11,아주대,1,1,2,0,0,0,0,0,0
11,연세대,8,18,12,12,7,7,16,14,0
11,영남대,1,0,0,1,0,0,0,0,0
11,원광대,0,0,1,0,0,0,0,0,0
11,육군사관학교,0,0,0,2,0,0,0,0,0
11,이화여대,1,2,11,0,2,4,4,3,0
11,인하대,0,0,1,0,0,0,0,0,0
11,전남대,0,1,0,1,0,0,0,0,0
11,제주대,0,0,1,0,0,0,0,0,0
11,중앙대,0,2,2,2,1,2,2,4,0
11,춘천교대,0,1,0,0,0,0,0,0,0
11,충남대,0,1,1,0,0,0,0,0,0
11,포항공대,4,1,0,0,1,2,0,0,0
11,학점은행,0,0,0,0,1,0,1,0,0
9,Smith College,1,0,0,0,0,0,0,0,0
11,한국외대,2,3,5,4,1,0,1,1,0
11,한동대,0,1,2,0,1,0,0,1,0
11,한양대,1,2,5,0,1,3,0,4,0
11,해군사관학교,0,0,0,0,0,1,0,0,0
11,홍익대,0,0,0,0,1,0,0,0,0
9,Swarthmore College,0,1,1,0,0,0,0,0,0
9,University of Chicago,0,1,0,0,0,1,1,0,0
9,University of California,0,0,0,1,0,0,0,1,0
9,University of California,0,0,0,1,1,1,0,0,0
9,Wellesley College,0,0,1,0,0,0,0,0,0
9,Stanford University,1,0,0,0,0,0,0,0,0
9,California Institute,0,0,1,0,0,0,0,0,0
9,Washington University,0,0,0,0,1,0,0,0,0
9,university of pennsylvania,0,0,0,0,0,1,0,0,0
9,Yale University,0,0,0,0,0,1,0,0,0
9,New York University,0,0,0,0,0,0,0,1,0
9,기타 외국대,0,0,0,0,0,0,0,0,4
10,카이스트,0,0,1,0,1,0,0,1,0
10,University of Minnesota,0,0,0,0,1,0,0,0,0
11,카이스트,10,4,1,3,1,0,3,2,0
11,Peking University,0,0,0,0,1,0,1,1,0
11,Waseda University,0,0,0,1,0,0,2,0,0
11,Princeton University,0,0,1,0,0,0,0,0,0
11,Emory University,0,0,0,1,0,0,0,0,0
12,건국대,1,0,0,0,1,0,0,0,0
12,경북대,0,1,0,0,0,0,0,0,0
12,경상대,0,1,0,0,0,0,0,0,0
12,경찰대,1,0,1,1,0,2,0,0,0
12,경희대,1,0,0,1,2,2,0,2,0
12,고려대,7,11,10,7,9,10,14,7,0
12,공주교대,0,0,0,0,1,0,0,0,0
12,광운대,0,0,0,0,1,0,0,0,0
12,국민대,0,0,0,0,1,0,0,1,0
12,단국대,0,0,1,0,0,0,0,0,0
12,대구한의대,0,0,0,0,1,0,0,0,0
12,동국대,0,0,0,0,0,0,0,1,0
12,명지대,0,0,0,0,0,0,0,1,0
12,서강대,4,3,6,7,6,2,5,5,0
12,서울대,7,8,4,12,7,10,11,10,0
12,서울시립대,1,0,0,0,0,0,1,0,0
12,서울여대,1,0,0,0,0,0,0,0,0
12,성균관대,1,4,6,6,4,3,4,5,0
12,세종대,0,0,0,0,0,0,0,1,0
12,숙명여대,1,1,0,1,1,0,1,1,0
12,아주대,2,4,6,4,3,5,4,4,0
12,연세대,11,9,8,8,6,9,4,6,0
12,영남대,0,1,0,0,0,0,0,0,0
12,울산대,1,0,0,0,0,0,0,0,0
12,원광대,1,0,0,1,0,1,0,0,0
12,원광디지털대,0,0,0,0,0,0,0,1,0
12,육군사관학교,0,0,1,0,0,0,0,0,0
12,이화여대,2,7,2,3,7,0,3,0,0
12,인천대,0,0,1,0,0,0,0,0,0
12,인하대,1,0,0,0,0,0,0,1,0
12,제주대,0,0,1,0,0,0,0,0,0
12,조선대,0,0,1,0,0,0,0,0,0
12,중앙대,2,0,2,0,0,1,0,3,0
11,MCGILL University,0,0,0,1,0,0,0,0,0
12,한국교원대,0,0,0,0,0,0,0,1,0
12,한국외대,2,0,1,0,0,1,0,0,0
12,한동대,1,0,0,0,0,0,0,0,0
12,한양대,2,2,3,3,2,3,4,2,0
12,홍익대,0,1,1,1,1,0,0,1,0
11,Northwester University,0,0,0,1,0,0,0,0,0
11,ritsumeikan asia pacific university,0,1,0,0,0,0,0,0,0
13,서울시립대,0,1,0,1,0,2,0,0,0
13,성균관대,0,1,0,3,1,0,1,1,0
13,순천향대,0,0,0,0,0,0,1,0,0
13,숙명여대,1,0,1,1,0,0,0,0,0
13,아주대,0,0,1,0,0,0,0,0,0
13,연세대,66,62,69,59,63,71,67,71,0
13,이화여대,2,6,6,2,2,1,2,0,0
13,전남대,0,1,0,1,0,0,0,0,0
13,중앙대,0,0,1,0,0,0,0,0,0
13,충남대,0,1,0,0,0,0,0,0,0
13,포항공대,0,2,2,2,3,2,0,1,0
13,학점은행,0,0,0,1,0,0,1,0,0
11,Pennsylvania state University,0,1,0,0,0,0,0,0,0
13,한국방통대,0,0,0,0,0,0,1,0,0
13,한국외대,1,0,1,0,0,1,1,0,0
13,한동대,0,0,0,0,2,0,0,0,0
13,한양대,1,0,1,1,5,2,2,6,0
13,홍익대,0,0,0,0,0,0,0,1,0
11,University of illinois at chicago,0,0,0,1,0,0,0,0,0
11,University of Wisconsin Madison,0,1,0,0,0,0,0,0,0
11,Universilty of Pennsylvania,0,0,0,0,0,1,0,0,0
11,london school of economics,0,0,0,0,0,1,0,0,0
11,Washington Univ. in St.Louis,0,0,0,0,0,1,0,0,0
11,Columbia University ,0,0,0,0,0,0,0,1,0
11,Cornell University,0,0,0,0,0,0,0,1,0
11,State Univerisity of New York,0,0,0,0,0,0,0,1,0
11,University of California,0,0,0,0,0,0,0,1,0
11,University of British,0,0,0,0,0,0,0,1,0
11,University of Toronto,0,0,0,0,0,0,0,1,0
11,카이스트,0,0,0,0,0,0,0,0,1
11,기타 외국대,0,0,0,0,0,0,0,0,1
12,카이스트,0,1,0,0,0,1,0,0,0
12,기타 외국대,0,0,0,0,0,0,0,2,0
12,Haverford College,0,0,0,0,0,1,0,0,0
13,가톨릭대,0,0,0,0,1,0,0,0,0
13,건국대,0,0,0,0,0,0,1,0,0
13,경찰대,1,1,3,0,1,3,2,2,0
13,경희대,0,2,1,1,0,0,0,0,0
13,국민대,0,0,0,0,0,0,0,1,0
13,고려대,0,6,5,13,4,5,3,5,0
13,서강대,0,1,1,1,2,0,0,3,0
13,서울교대,0,0,0,0,1,0,0,0,0
13,서울대,39,32,31,25,31,36,40,29,0
14,건국대,2,0,0,2,0,1,2,0,0
14,경북대,7,1,3,4,7,4,2,1,0
14,경인교대,0,0,0,1,0,1,0,0,0
14,경찰대,0,0,0,0,0,0,0,1,0
14,경희대,5,5,2,4,4,4,3,3,0
14,계명대,1,0,1,0,2,0,0,0,0
14,고려대,6,11,14,16,10,8,6,10,0
14,광운대,1,0,0,0,0,1,0,0,0
14,단국대,0,0,0,1,0,0,2,1,0
14,덕성여대,0,0,0,0,0,1,0,0,0
14,대구대,0,0,0,0,1,0,0,0,0
14,독학사,0,0,1,1,1,0,1,0,0
14,동국대,0,1,1,1,1,2,0,3,0
14,동아대,0,0,0,1,1,0,0,1,0
14,부산대,2,1,1,4,3,2,5,2,0
14,삼육대,0,1,0,0,0,0,0,0,0
14,서강대,2,1,3,1,0,0,0,1,0
14,서울대,5,17,10,11,8,5,5,8,0
14,서울시립대,1,0,1,0,1,1,2,1,0
14,성균관대,5,7,5,5,6,13,1,8,0
14,숙명여대,1,0,1,1,0,0,1,0,0
14,숭실대,0,1,0,1,2,0,0,0,0
14,아주대,0,0,0,0,0,1,0,1,0
14,연세대,7,8,6,2,7,6,5,4,0
14,영남대,4,2,9,3,4,5,8,3,0
14,영산대,1,0,0,0,0,0,0,0,0
14,원광대,1,2,1,0,0,0,1,0,0
14,이화여대,2,2,4,1,1,1,3,5,0
14,인천대,0,0,0,0,0,0,1,0,0
14,인하대,1,0,0,0,0,1,4,0,0
14,장로회신학대,0,0,0,1,0,0,0,0,0
14,전남대,1,0,1,0,0,0,2,3,0
14,전북대,0,1,0,0,0,0,0,2,0
14,제주대,0,0,0,0,0,0,1,0,0
14,조선대,0,0,1,0,0,0,0,0,0
14,중앙대,1,2,2,1,2,1,3,3,0
14,충남대,1,1,0,0,1,0,4,0,0
14,학점은행,0,0,0,1,1,0,2,1,0
12,기타 외국대,0,0,0,0,0,0,0,0,2
14,한국방통대,0,0,0,0,0,0,0,1,0
14,한국외대,3,1,3,4,4,8,1,2,0
14,한동대,0,0,0,0,0,0,2,1,0
14,한양대,9,8,5,4,5,4,3,4,0
14,홍익대,0,1,0,1,0,1,0,0,0
13,카이스트,7,8,3,3,1,1,2,3,0
15,가천대,0,0,0,0,1,0,0,0,0
15,가톨릭대,0,0,0,0,0,1,1,0,0
15,강원대,0,0,0,1,0,0,0,0,0
15,건국대,3,1,1,3,0,4,4,5,0
15,경기대,0,1,0,0,0,1,0,0,0
15,경남대,0,0,0,0,1,0,0,1,0
15,경북대,0,2,4,0,0,2,0,0,0
15,경상대,0,0,0,1,0,0,0,0,0
15,경찰대,0,0,0,0,1,0,1,0,0
15,경희대,2,5,2,4,2,4,7,1,0
15,계명대,0,0,0,0,0,1,0,0,0
15,고려대,10,5,7,4,9,1,1,3,0
15,광운대,0,0,0,2,1,0,0,1,0
15,국민대,0,1,0,3,0,0,0,1,0
15,단국대,0,0,1,2,0,3,1,2,0
15,대구가톨릭대,0,0,0,0,0,0,0,1,0
15,대전대,0,0,0,1,0,0,0,0,0
15,대진대,0,0,0,0,0,0,0,1,0
15,덕성여대,0,0,0,0,0,1,0,0,0
15,동국대,0,0,0,1,0,0,3,3,0
15,동덕여대,1,0,0,0,0,0,0,0,0
15,동아대,0,0,0,0,1,2,0,0,0
15,명지대,0,0,1,1,1,0,1,0,0
15,목원대,1,0,0,0,0,0,0,0,0
15,목포해양대,0,0,0,0,0,1,0,0,0
15,부경대,0,0,0,0,0,1,0,1,0
15,부산대,1,4,2,2,1,3,1,1,0
15,부산외대,0,0,0,0,0,0,1,1,0
15,상명대,0,0,0,0,0,0,0,1,0
15,서강대,3,0,2,0,2,1,4,0,0
15,서울대,6,1,4,2,1,3,3,0,0
15,서울시립대,1,1,1,0,3,1,0,2,0
15,성공회대,0,0,0,0,0,1,0,0,0
15,성균관대,4,0,4,5,4,3,4,1,0
15,성신여대,0,0,0,1,0,1,1,1,0
15,세종대,0,0,0,2,0,0,0,0,0
15,수원대,0,0,0,0,0,0,0,1,0
15,숙명여대,2,3,1,1,0,0,0,3,0
15,순천향대,1,0,0,0,0,0,0,0,0
15,숭실대,0,2,2,0,1,0,1,0,0
15,아주대,0,1,0,2,1,0,1,4,0
15,연세대,6,3,2,3,7,2,2,2,0
15,영남대,0,1,4,1,1,0,0,0,0
15,우석대,0,1,0,0,0,0,0,0,0
15,원광대,3,6,5,6,5,5,3,1,0
15,을지대,0,0,0,0,0,1,0,0,0
15,이화여대,5,9,4,2,0,3,4,1,0
15,인제대,0,0,0,0,0,0,2,0,0
15,인천대,0,0,0,1,0,0,0,0,0
15,인하대,0,0,0,0,0,1,0,0,0
15,전남대,1,1,0,0,0,0,4,2,0
15,전북대,0,0,0,2,0,3,5,4,0
15,전주교대,0,0,1,0,0,0,0,0,0
15,제주대,0,1,0,0,0,0,0,0,0
15,조선대,0,0,0,2,0,0,1,1,0
15,중앙대,3,3,4,2,4,0,0,3,0
15,천안대,0,0,0,0,1,0,0,0,0
15,청주교대,0,0,0,0,1,0,0,0,0
15,충남대,2,1,1,0,2,0,0,0,0
15,충북대,1,0,0,0,0,1,0,0,0
15,학점은행,0,1,1,0,1,3,2,2,0
15,한국교원대,0,1,0,0,0,0,0,0,0
15,한국외대,3,4,2,1,1,0,4,3,0
15,한국항공대,0,0,0,0,2,0,0,0,0
15,한동대,0,0,0,0,0,0,0,1,0
15,한성대,0,0,1,0,0,0,0,0,0
15,한양대,1,4,5,4,7,7,2,4,0
15,홍익대,0,2,1,1,3,1,0,3,0
16,건국대,0,0,0,0,1,0,2,1,0
16,경희대,0,1,0,0,1,1,0,0,0
16,고려대,9,8,13,16,18,16,20,18,0
16,동아대,0,0,0,0,0,0,0,1,0
16,부산대,0,0,0,0,0,1,0,0,0
16,서강대,0,0,0,0,0,0,2,2,0
16,서울교대,0,0,0,0,0,1,0,0,0
16,서울대,24,31,24,15,17,13,17,14,0
16,서울시립대,0,1,0,0,1,0,0,1,0
16,성균관대,1,3,1,1,2,0,1,1,0
16,숙명여대,0,0,0,0,1,1,2,0,0
16,숭실대,0,0,0,0,0,1,0,0,0
16,아주대,0,0,1,0,0,1,0,0,0
16,연세대,10,19,16,23,26,18,17,22,0
16,원광대,1,0,0,0,0,0,0,0,0
16,이화여대,49,36,39,51,25,41,29,33,0
16,전남대,1,0,0,0,0,0,0,0,0
16,중앙대,0,0,0,0,1,0,1,1,0
16,포항공대,1,0,0,0,0,0,0,0,0
13,Peking University,0,0,0,1,0,0,0,0,0
16,한국외대,0,0,0,0,1,2,0,1,0
16,한양대,0,0,4,2,5,4,1,3,0
13,State Univerisity of New York,1,0,0,0,0,0,0,0,0
13,Paris 2 University,0,0,0,1,0,0,0,0,0
16,미네소타대,0,0,0,0,0,0,0,1,0
13,Cornell University,0,0,0,1,1,0,0,0,0
13,Duke Univeristy,0,0,0,2,2,1,1,2,0
17,가톨릭대,0,0,0,0,0,0,0,1,0
17,강원대,0,0,0,0,0,1,0,0,0
17,건국대,0,1,0,0,3,1,0,1,0
17,경인교대,0,0,0,0,0,1,0,0,0
17,경찰대,1,0,0,0,0,0,1,1,0
17,경희대,0,1,1,1,2,1,0,0,0
17,계명대,0,0,0,0,0,0,1,0,0
17,고려대,12,13,5,12,7,10,9,6,0
17,국민대,0,1,0,1,0,0,0,0,0
17,단국대,0,0,0,0,1,0,1,0,0
17,동국대,0,0,1,1,0,0,1,0,0
17,동아대,0,0,0,0,0,0,0,1,0
17,상명대,0,0,1,0,1,0,0,0,0
17,상지대,0,0,0,0,1,0,0,0,0
17,서강대,2,0,0,1,2,4,4,2,0
17,서울대,12,10,2,6,5,10,8,7,0
17,서울시립대,0,0,1,0,1,0,1,0,0
17,성균관대,4,2,8,4,2,1,3,3,0
17,숙명여대,0,0,0,1,3,1,1,1,0
17,순천대,0,0,0,0,1,0,0,0,0
17,숭실대,0,0,0,0,0,0,1,1,0
17,연세대,6,8,6,9,5,9,7,8,0
17,원광대,0,2,0,0,0,0,0,0,0
17,이화여대,3,3,5,4,8,3,3,5,0
17,인천대,0,0,0,0,0,0,1,0,0
17,인하대,1,7,9,5,4,2,2,4,0
17,전북대,0,0,2,0,0,0,0,0,0
17,중앙대,2,0,1,2,0,0,0,1,0
17,충남대,0,0,0,0,0,0,0,1,0
17,포항공대,0,0,1,0,0,0,0,0,0
13,Georgetown University,0,0,0,1,0,0,1,0,0
17,학점은행,0,1,0,0,0,0,0,1,0
17,한국방통대,0,0,0,1,0,0,0,0,0
17,한국외대,2,0,0,1,0,2,0,0,0
17,한국항공대,0,0,1,0,0,0,0,0,0
17,한동대,0,0,1,1,0,0,0,1,0
17,한양대,4,4,5,2,4,4,3,3,0
17,홍익대,0,0,0,0,3,0,2,4,0
13,New York University,0,0,0,1,0,0,0,0,0
13,University of California ,0,0,0,1,1,0,0,1,0
13,University of illinois at chicago,1,0,0,0,1,0,0,0,0
13,University of Virginia ,0,1,0,0,0,0,0,0,0
13,University of Wisconsin Madison,0,0,1,0,0,0,0,0,0
13,Brown University,0,0,0,0,1,0,0,0,0
13,Tuffs University,0,0,0,0,1,0,0,0,0
13,University of Chicago,0,0,0,0,1,0,0,0,0
13,Emory University,0,0,0,0,0,0,0,1,0
13,University of HongKong,0,0,0,0,0,0,1,0,0
13,Columbia University,0,0,0,0,0,0,0,1,0
13,University of Michigan,0,0,0,0,0,0,0,1,0
13,Columbia University,0,0,0,0,0,0,0,0,1
13,Brandeis University,0,0,0,0,0,0,0,0,1
13,Swarthmore College,0,0,0,0,0,0,0,0,1
13,카이스트,0,0,0,0,0,0,0,0,3
14,카이스트,0,1,0,0,1,0,1,0,0
18,가천대,0,0,1,0,0,0,0,1,0
18,가톨릭대,0,0,0,0,0,0,1,0,0
18,건국대,0,1,2,3,0,3,2,4,0
14,State Univerisity of New York,1,0,0,0,0,0,0,0,0
18,경북대,0,1,1,2,1,0,0,0,0
18,경상대,0,0,0,0,0,0,0,1,0
18,경인교대,0,1,1,0,0,0,0,0,0
18,경찰대,2,1,1,0,0,0,2,0,0
18,경희대,2,6,8,6,9,9,3,7,0
18,고려대,11,10,12,7,14,10,9,8,0
18,광운대,0,0,0,0,0,1,0,0,0
18,국민대,0,0,1,3,0,0,0,1,0
18,단국대,0,1,1,1,1,0,1,2,0
18,덕성여대,0,0,1,0,0,0,1,0,0
18,동국대,2,1,3,0,3,2,2,3,0
18,동아대,0,0,0,0,1,0,0,0,0
18,명지대,0,0,0,0,0,0,1,0,0
18,목포대,0,0,0,1,0,0,0,0,0
18,목포해양대,0,0,0,0,0,1,0,0,0
18,배재대,0,0,0,0,0,0,1,1,0
18,부경대,0,0,0,0,0,1,0,0,0
18,부산대,0,1,0,0,0,1,1,1,0
14,Bristol University,0,0,0,0,0,0,0,0,1
18,삼육대,1,0,0,0,0,0,0,0,0
18,서강대,4,5,3,3,2,3,0,7,0
18,서울교대,0,0,1,0,1,0,0,1,0
18,서울대,8,9,5,8,11,11,10,7,0
18,서울시립대,1,4,0,1,1,3,1,3,0
18,성공회대,0,0,1,0,0,0,1,0,0
18,성균관대,6,11,9,8,10,8,11,10,0
18,성신여대,0,0,0,0,0,1,0,0,0
18,수원대,0,0,0,1,0,0,0,0,0
18,숙명여대,2,2,0,1,2,3,5,5,0
18,순천대,0,0,0,0,0,0,1,1,0
18,순천향대,0,1,0,0,0,0,0,0,0
18,숭실대,0,0,4,0,1,0,2,2,0
18,아주대,2,2,1,0,1,0,0,1,0
18,연세대,14,20,6,10,8,10,5,7,0
18,영남대,0,0,0,0,1,0,0,0,0
18,영산대,0,0,0,0,0,0,1,0,0
18,울산과기대,0,0,0,0,0,0,0,1,0
18,원광대,2,0,0,2,1,0,0,0,0
18,육군사관학교,0,1,0,1,0,0,0,0,0
18,이화여대,6,16,8,11,5,9,9,10,0
18,인천대,0,0,0,0,0,0,0,1,0
18,인하대,0,2,0,3,0,1,0,0,0
18,전남대,35,18,33,27,27,26,24,18,0
18,전북대,1,0,2,1,2,3,1,1,0
18,제주대,0,0,0,0,0,0,0,1,0
18,조선대,1,1,0,6,2,2,2,4,0
18,중앙대,4,3,3,5,1,3,2,2,0
18,총신대,1,0,0,0,0,0,0,0,0
18,충남대,0,0,1,0,1,0,0,0,0
18,충북대,0,0,1,0,0,0,0,0,0
18,학점은행,0,0,0,0,0,0,0,1,0
18,포항공대,1,0,0,0,0,0,0,0,0
18,한국교원대,0,0,1,0,1,0,0,0,0
18,한국방통대,0,2,2,0,0,2,0,0,0
18,한국외대,4,2,7,3,2,1,6,7,0
18,한국항공대,0,0,0,0,0,2,0,0,0
18,한국해양대,0,0,0,1,0,0,0,0,0
18,한동대,0,0,0,0,2,0,4,2,0
18,한성대,0,0,0,0,0,1,0,0,0
18,한양대,8,4,8,6,9,6,11,7,0
18,홍익대,1,0,3,2,0,1,3,2,0
19,가천대,0,0,0,0,1,0,1,0,0
19,가톨릭대,0,0,0,0,3,1,0,0,0
19,강원대,1,0,0,1,0,0,1,0,0
19,건국대,0,2,0,1,0,1,2,2,0
19,경북대,1,0,0,1,0,1,0,0,0
19,경찰대,0,0,0,0,0,1,5,0,0
19,경희대,2,6,3,4,5,6,5,3,0
19,고려대,9,7,4,5,3,10,6,3,0
19,광운대,0,0,0,0,0,0,0,1,0
19,광주교대,1,0,0,0,0,0,0,0,0
19,국민대,0,0,1,0,0,0,0,2,0
19,군산대,0,0,0,0,0,0,0,2,0
19,단국대,1,0,1,0,0,1,2,2,0
19,대구가톨릭대,0,0,0,0,0,0,1,0,0
19,대구대,0,0,0,0,1,0,0,0,0
19,덕성여대,0,0,0,1,0,0,0,0,0
19,동국대,0,0,0,1,2,0,0,2,0
19,동아대,0,0,0,0,0,1,0,0,0
19,동양대,0,0,0,0,0,0,0,1,0
19,명지대,0,0,0,0,0,1,0,0,0
19,목포해양대,0,0,0,0,0,1,0,0,0
19,부경대,0,0,1,1,0,0,1,0,0
19,부산대,1,0,0,0,1,1,1,0,0
19,상명대,0,0,1,0,0,0,1,0,0
19,서강대,4,6,1,1,0,4,2,3,0
19,서울대,9,7,2,1,2,5,3,5,0
19,서울시립대,0,1,2,3,1,3,1,1,0
19,서울여대,0,1,0,1,1,0,1,0,0
19,성공회대,0,0,0,0,1,0,1,0,0
19,성균관대,7,6,4,3,4,2,6,6,0
19,성신여대,0,0,0,0,0,1,0,1,0
19,세종대,0,0,0,0,0,1,0,0,0
19,숙명여대,0,0,2,0,2,2,5,3,0
19,숭실대,0,0,0,1,1,1,0,0,0
19,아주대,0,1,0,0,0,0,0,2,0
19,연세대,12,7,6,14,6,6,0,6,0
19,영남대,0,0,0,1,1,0,0,0,0
19,영산대,0,0,0,0,0,0,1,0,0
19,우석대,0,0,0,1,0,0,0,0,0
19,원광대,0,0,0,1,1,0,2,0,0
19,이화여대,4,4,11,8,3,2,3,4,0
19,인하대,0,2,1,1,0,2,2,0,0
19,전남대,1,1,0,0,2,0,2,0,0
19,전북대,8,10,9,15,17,11,6,9,0
19,전주교대,0,0,0,1,3,0,0,0,0
19,전주대,0,0,1,0,0,0,0,0,0
19,조선대,0,0,1,0,1,1,3,2,0
19,중앙대,4,1,7,3,6,5,3,4,0
19,청주대,0,0,0,0,0,0,1,0,0
19,충남대,1,2,0,0,0,0,0,1,0
19,충북대,0,0,0,0,0,1,0,1,0
19,학점은행,1,1,1,0,0,0,1,1,0
15,기타 외국대,0,0,0,0,0,0,0,0,1
19,한국방통대,1,0,0,0,0,0,1,0,0
19,한국외대,3,8,8,3,1,3,1,4,0
19,한동대,0,0,1,0,2,2,0,1,0
19,한림대,0,0,0,0,0,0,1,0,0
19,한양대,3,5,6,2,7,5,8,5,0
19,해군사관학교,0,0,0,1,0,0,0,0,0
19,홍익대,2,1,2,3,5,1,2,1,0
16,카이스트,4,2,0,1,0,0,0,1,0
19,전기통신대(일),0,0,1,0,0,0,0,0,0
16,American University,0,0,0,0,0,0,0,1,0
16,New York University,0,0,0,0,0,0,0,1,0
19,인민대,0,0,1,1,0,0,0,0,0
16,University of Chicago,0,0,0,0,0,0,0,1,0
16,기타 외국대,0,2,3,0,5,3,8,0,0
16,Bristol University,0,0,0,0,0,0,0,0,1
16,UCLA,0,0,0,0,0,0,0,0,1
16,UC Berkeley,0,0,0,0,0,0,0,0,1
16,UC Sandiago,0,0,0,0,0,0,0,0,1
20,가톨릭대,0,1,3,0,0,0,0,0,0
20,강원대,0,0,0,0,1,0,0,1,0
20,건국대,1,0,2,2,1,0,0,0,0
20,경북대,0,1,1,0,0,0,0,0,0
20,가천대,0,0,0,0,0,1,0,1,0
20,경찰대,1,0,0,0,0,0,1,0,0
20,경희대,1,3,3,1,0,7,9,1,0
20,고려대,6,5,4,4,3,8,3,2,0
20,광운대,0,0,1,0,0,0,0,1,0
20,국민대,0,0,0,1,0,0,0,1,0
20,글로벌사이버대,0,0,0,0,0,0,1,0,0
20,단국대,0,0,0,0,0,1,0,1,0
20,대구가톨릭대,0,0,0,0,1,0,0,0,0
20,대구교대,0,1,0,1,0,0,0,0,0
20,대구외대,0,0,0,0,0,0,1,0,0
20,덕성여대,0,0,1,0,0,0,1,1,0
20,동국대,0,0,0,0,1,0,1,1,0
20,동덕여대,0,0,0,0,0,0,0,1,0
20,목포해양대,0,1,0,0,0,0,0,0,0
20,명지대,0,0,0,0,0,0,1,0,0
20,백석대,0,0,0,1,0,0,0,0,0
20,부경대,0,0,1,0,1,0,0,0,0
20,부산대,1,0,0,0,2,1,2,1,0
20,상지대,0,0,1,0,0,0,0,0,0
20,서강대,0,0,0,1,0,0,0,1,0
20,서울과기대,0,0,0,0,0,0,1,0,0
20,서울대,6,2,1,4,2,4,1,1,0
20,서울디지털대,1,0,0,0,0,0,0,0,0
20,서울시립대,4,1,0,0,2,0,0,1,0
20,성균관대,2,2,2,2,3,3,2,4,0
20,성신여대,0,0,0,0,0,0,1,1,0
20,숙명여대,1,1,0,3,0,1,0,3,0
20,숭실대,0,0,1,0,2,0,0,0,0
20,아주대,0,3,1,2,1,2,0,0,0
20,연세대,3,3,3,4,2,0,6,2,0
20,영남대,0,1,2,1,0,0,0,0,0
20,원광대,1,2,1,0,0,0,0,0,0
20,이화여대,3,1,2,1,1,3,2,4,0
20,인제대,0,0,1,0,0,0,0,1,0
20,전남대,2,1,1,1,0,1,1,0,0
20,제주교대,0,0,0,0,0,0,1,0,0
20,제주대,0,4,4,2,3,3,1,4,0
20,조선대,1,0,1,1,0,0,0,0,0
20,중앙대,0,3,0,0,3,0,0,3,0
20,충북대,0,0,0,0,0,1,0,1,0
20,포항공대,0,1,0,0,0,0,0,0,0
20,학점은행,0,0,1,1,0,1,0,0,0
20,한국교원대,1,0,0,0,0,0,0,0,0
20,한국방통대,0,0,0,0,0,0,1,0,0
20,한국외대,2,2,1,3,1,3,1,2,0
20,한국해양대,0,0,0,0,1,0,0,0,0
20,한동대,1,0,0,2,0,0,0,1,0
20,한세대,0,0,0,0,0,0,1,0,0
20,한양대,0,2,3,2,4,0,1,1,0
20,홍익대,0,1,1,0,0,0,0,0,0
16,University of Michigan,0,0,0,0,0,0,0,0,1
16,Wesleyan University,0,0,0,0,0,0,0,0,1
17,카이스트,0,1,0,1,0,0,1,0,0
20,복강대,0,0,0,0,0,0,0,1,0
17,Meiji University,1,0,0,0,0,0,0,0,0
17,Peking University,0,0,0,0,1,0,0,0,0
17,University of Warwick,0,0,0,0,1,0,0,0,0
17,University of Melbourne,0,0,0,0,0,1,0,0,0
17,Michigan State University,0,0,0,0,0,1,0,0,0
17,New York University,0,0,0,0,0,0,0,1,0
21,건국대,1,4,0,0,0,2,1,0,0
21,경북대,0,1,0,0,1,0,0,0,0
21,경찰대,1,1,0,0,0,1,0,0,0
21,경희대,0,1,0,0,0,1,0,0,0
21,고려대,10,3,9,14,10,5,11,9,0
21,단국대,1,0,0,0,0,0,0,0,0
21,서강대,1,0,0,3,1,1,0,0,1
21,서경대,0,0,0,1,0,0,0,0,0
21,서울대,12,15,3,8,4,9,6,8,0
21,서울여대,0,0,0,0,1,0,0,0,0
21,성균관대,2,2,3,0,1,6,3,3,0
21,숙명여대,1,0,0,0,0,2,0,0,2
21,연세대,4,6,7,15,17,6,14,12,0
21,이화여대,3,7,4,2,3,5,4,3,0
21,전남대,1,0,0,0,0,0,0,0,0
21,중앙대,11,12,20,5,10,14,12,15,0
21,충북대,0,0,1,0,0,0,0,0,0
17,Universtiy of California,0,0,0,0,0,1,0,0,0
21,한국외대,1,0,0,0,2,0,1,0,1
21,한양대,1,0,5,1,2,0,0,1,1
17,기타 외국대,0,0,0,0,0,0,0,0,3
18,indiana university bloomington,0,0,0,0,1,0,0,0,0
18,london school of economics,0,1,0,0,0,0,0,0,0
22,가천대,0,0,0,0,0,0,1,2,0
22,가톨릭대,0,0,0,1,1,2,0,1,0
22,감리신학대,0,0,0,0,0,0,0,1,0
22,강원대,1,0,0,1,0,0,0,0,0
22,건국대,1,2,3,1,0,3,1,2,0
22,경북대,1,2,1,1,0,0,0,0,0
22,경상대,0,0,1,0,0,0,0,0,0
22,경인교대,0,0,0,0,0,1,0,0,0
22,경찰대,1,0,1,0,0,1,1,0,0
22,경희대,0,0,3,2,6,11,6,5,0
22,계명대,0,0,0,1,0,0,0,0,0
22,고려대,16,11,11,11,14,7,10,13,0
22,공군사관학교,0,0,0,0,0,1,1,0,0
22,공주대,0,0,0,0,0,0,0,1,0
22,공주교대,0,0,0,0,1,0,0,0,0
22,광운대,0,0,0,0,2,0,0,0,0
22,국민대,0,0,1,1,0,1,2,1,0
22,금강대,0,0,0,0,1,0,0,0,0
22,대구교대,0,0,0,1,0,0,0,0,0
22,독학사,0,0,1,0,0,0,0,0,0
22,동국대,1,1,3,2,0,2,2,4,0
22,동덕여대,0,0,1,0,0,0,0,0,0
22,동아대,0,0,0,1,1,1,1,2,0
22,동의대,0,1,0,0,0,0,0,0,0
22,부경대,0,0,0,1,0,0,0,0,0
22,부산대,1,0,1,0,0,1,0,0,0
22,상명대,0,0,0,0,0,1,0,0,0
22,서강대,8,9,4,2,3,6,3,4,0
22,서울교대,0,1,0,0,0,0,0,0,0
22,서울대,19,12,11,5,10,6,10,6,0
22,서울시립대,4,2,2,2,0,1,3,2,0
22,서울여대,0,1,0,0,0,0,0,0,0
22,선문대,0,0,0,0,0,0,0,1,0
22,성공회대,0,0,0,0,0,0,1,0,0
22,성균관대,5,7,8,2,8,8,9,7,0
22,성신여대,0,0,0,0,1,0,0,0,0
22,세종대,0,0,1,1,1,0,0,0,0
22,숙명여대,0,0,2,4,3,3,0,4,0
22,숭실대,0,1,3,0,2,1,1,0,0
22,아주대,0,3,1,1,2,1,1,0,0
22,안양대,0,0,0,1,0,0,0,0,0
22,연세대,6,12,8,11,10,13,5,8,0
22,영남대,0,0,0,0,1,1,0,0,0
22,영산대,0,0,0,1,0,0,0,0,0
22,원광대,0,1,0,0,1,0,0,1,0
22,육군사관학교,0,1,0,0,0,1,0,0,0
22,을지의과대 ,0,0,0,0,0,1,0,0,0
22,이화여대,5,10,8,10,6,9,8,4,0
22,인하대,0,1,1,0,2,2,0,1,0
22,전남대,0,0,0,1,0,0,1,1,0
22,전북대,0,0,0,1,1,0,0,0,0
22,제주대,0,0,1,0,0,0,1,0,0
22,조선대,0,1,0,0,0,0,0,0,0
22,중앙대,2,2,4,7,2,1,2,0,0
22,춘천교대,1,0,0,0,0,0,0,0,0
22,충남대,10,8,7,10,9,2,13,15,0
22,충북대,1,2,3,0,1,0,1,0,0
22,포항공대,3,0,0,1,0,1,0,1,0
22,학점은행,0,1,0,2,0,0,0,1,0
18,RMIT university,0,1,0,0,0,0,0,0,0
22,한국교원대,0,0,1,1,0,0,0,0,0
22,한국기술교육대,0,0,0,0,0,1,0,0,0
22,한국외대,0,2,5,5,1,4,0,4,0
22,한국항공대,1,0,0,1,0,0,0,0,0
22,한국해양대,0,0,1,0,0,0,0,0,0
22,한동대,0,0,2,2,1,1,3,1,0
22,한양대,5,5,5,4,10,11,13,9,0
22,호서대,0,0,0,0,0,0,1,1,0
22,홍익대,1,4,0,2,2,0,2,2,0
18,State Univerisity of New York,0,0,0,0,1,0,1,0,0
18,University of Iowa,0,0,0,0,0,1,0,0,0
18,University of Melbourne,0,0,0,0,0,1,0,0,0
18,University of Minnesota,0,0,0,0,1,0,0,0,0
23,가톨릭대,1,1,0,1,1,3,0,0,0
23,건국대,1,2,3,2,1,2,1,0,0
23,경기대,0,0,0,1,0,0,0,1,0
23,경북대,0,0,0,0,1,0,1,0,0
23,경성대,0,1,0,0,0,0,0,0,0
23,경찰대,1,1,1,0,0,1,0,0,0
23,경희대,3,3,3,4,1,5,5,4,0
23,고려대,12,8,12,8,5,9,2,1,0
23,공군사관학교,0,1,0,0,0,0,0,0,0
23,광운대,0,0,0,0,1,0,0,0,0
23,국민대,0,0,1,2,4,1,2,1,0
23,단국대,0,0,0,0,2,0,2,2,0
23,대구대,0,0,0,0,1,0,0,0,0
23,대전대,0,0,0,0,0,0,1,1,0
23,덕성여대,0,0,0,0,0,0,1,1,0
23,동국대,1,0,3,2,3,1,3,2,0
23,동아대,0,0,0,0,1,0,0,0,0
23,명지대,0,0,0,0,0,0,1,0,0
23,부산교대,0,0,0,1,0,0,0,0,0
23,부산대,1,0,1,1,0,3,1,1,0
23,상명대,0,1,0,0,0,0,0,0,0
23,서강대,2,1,1,1,1,0,2,1,0
23,서울대,3,11,2,1,4,3,2,2,0
23,서울시립대,1,1,0,2,3,0,0,2,0
23,성균관대,5,4,5,2,6,4,2,6,0
23,성신여대,0,0,2,0,2,0,1,1,0
23,세종대,0,0,0,0,0,1,0,0,0
23,숙명여대,0,2,1,3,3,2,5,8,0
23,숭실대,0,0,0,2,0,0,2,0,0
23,숭실사이버대,0,0,0,0,0,0,1,0,0
23,신라대,0,0,0,0,1,0,0,0,0
23,아주대,1,0,1,2,1,1,3,0,0
23,연세대,10,6,7,2,5,5,4,1,0
23,영남대,0,0,0,0,1,0,0,1,0
23,원광대,0,1,0,0,0,0,0,0,0
23,우석대,0,0,0,0,0,0,0,1,0
23,육군사관학교,2,0,1,0,0,0,0,0,0
23,이화여대,4,10,4,0,6,12,6,8,0
23,인제대,0,0,0,1,0,0,0,0,0
23,인천대,0,0,0,1,0,0,0,0,0
23,인하대,2,1,2,10,0,2,0,0,0
23,전남대,0,0,1,0,1,0,0,0,0
23,전북대,0,0,0,0,0,0,0,1,0
23,중앙대,2,2,1,3,2,1,3,2,0
23,청주교대,0,0,0,1,0,0,0,0,0
23,충남대,1,0,1,3,2,2,2,4,0
23,충북대,6,5,10,7,3,5,7,1,0
23,포항공대,0,0,0,1,0,0,0,0,0
18,University of Texas ,0,0,0,0,0,1,0,0,0
23,학점은행,2,1,0,1,0,0,0,0,0
23,한국외대,2,2,5,6,3,3,3,4,0
23,한국항공대,0,0,0,1,0,0,0,0,0
23,한남대,0,0,0,0,1,0,0,0,0
23,한동대,0,0,0,0,2,2,0,1,0
23,한밭대,0,0,0,0,0,0,0,1,0
23,한성대,0,1,0,0,0,0,0,0,0
23,한양대,4,3,5,5,7,6,6,4,0
23,홍익대,2,1,0,0,2,1,4,7,0
18,University of Washinton,0,0,0,0,1,0,0,0,0
18,York University,0,0,0,0,0,1,0,0,0
18,Keio University,0,0,0,0,0,0,1,0,0
18,Peking University,0,0,0,0,0,0,0,1,0
19,카이스트,1,0,0,0,0,0,0,0,0
19,Nihon University,0,0,0,1,0,0,0,0,0
19,Beijing University of Chinese Medicine,0,0,1,0,0,0,0,0,0
19,Peking University,0,1,1,1,0,1,0,0,0
19,Tsinghua University,0,1,0,0,0,0,0,0,0
24,건국대,0,1,1,0,0,0,1,0,0
24,경북대,0,0,1,1,0,0,0,0,0
24,경원대,0,0,0,0,0,0,0,0,0
24,경찰대,0,0,0,0,1,1,0,2,0
24,경희대,2,0,1,2,1,0,0,1,0
24,고려대,10,11,10,6,10,18,8,12,0
24,단국대,0,0,0,0,0,0,0,0,0
24,대구가톨릭대,0,0,0,0,0,1,0,0,0
24,동국대,0,0,0,0,0,0,0,1,0
24,부산대,0,0,1,2,0,0,0,0,0
19,MacQuarie University,0,0,0,1,0,0,0,0,0
24,상명대,0,0,0,0,0,0,1,0,0
24,서강대,1,1,0,0,0,0,0,0,0
24,서울교대,0,0,0,0,1,0,0,0,0
24,서울대,7,7,4,4,6,10,10,11,0
24,서울시립대,0,0,1,1,1,1,0,0,0
24,성균관대,1,3,4,2,2,1,0,3,0
24,성신여대,0,0,0,1,0,0,0,0,0
24,숙명여대,0,1,1,1,0,0,0,0,0
24,숭실대,0,0,0,1,0,0,0,0,0
24,연세대,8,6,8,1,8,5,10,7,0
24,육군사관학교,0,0,0,0,0,1,0,0,0
24,이화여대,4,6,4,3,4,0,1,1,0
24,인하대,0,0,0,1,0,0,0,0,0
24,전남대,0,0,0,0,0,1,0,0,0
24,전북대,1,0,0,1,0,0,0,0,0
24,중앙대,0,1,0,2,0,0,0,0,0
24,학점은행,0,0,0,0,0,0,0,0,0
24,한국과학기술원,0,0,0,0,0,0,0,0,0
24,한국방통대,0,0,0,0,0,1,0,0,0
24,한국외대,11,13,16,17,14,6,15,13,0
24,한국정보통신대,1,0,0,0,0,0,0,0,0
24,한국항공대,0,0,0,0,0,1,0,0,0
24,한양대,1,3,2,4,1,2,6,1,0
24,홍익대,0,0,1,0,1,0,0,0,0
25,경북대,0,0,1,0,1,0,0,0,0
25,경찰대,0,3,0,0,2,1,0,0,0
25,경희대,0,0,1,0,0,0,0,0,0
25,고려대,13,18,32,27,26,17,14,15,0
25,국민대,0,0,0,0,0,0,1,0,0
25,명지대,0,0,0,0,0,0,1,0,0
25,부산대,0,1,0,0,1,0,0,0,0
25,서강대,0,1,1,4,2,1,4,1,0
25,서울대,44,37,27,21,15,35,21,31,0
25,성균관대,0,0,1,1,2,0,1,0,0
25,세종대,0,0,0,1,0,0,0,0,0
25,연세대,18,19,17,14,17,20,31,21,0
25,이화여대,0,3,4,6,7,4,6,3,0
25,인하대,0,0,0,0,0,1,0,0,0
25,전북대,0,0,1,0,0,0,0,0,0
25,충북대,0,0,0,0,0,0,1,0,0
25,포항공대,1,0,0,1,0,0,1,1,0
19,Michigan State University,0,1,0,0,0,0,0,0,0
25,한국외대,1,0,0,1,0,0,1,0,0
25,한동대,1,0,2,0,1,0,1,35,0
25,한양대,19,17,17,26,31,23,24,0,0
19,Concordia University,1,0,0,0,0,0,0,0,0
19,Southern Methodist University,1,0,0,0,0,0,0,0,0
19,기타 외국대,0,0,0,0,0,0,1,4,0
19,기타 외국대,0,0,0,0,0,0,0,0,1
20,Waseda University,1,0,0,0,0,0,1,0,0
20,Peking University,0,0,0,0,2,0,1,0,0
20,Tsinghua University,0,0,0,0,1,0,1,0,0
3,고려대,0,0,0,0,0,0,0,0,24
3,경북대,0,0,0,0,0,0,0,0,17
3,이화여대,0,0,0,0,0,0,0,0,16
3,한양대,0,0,0,0,0,0,0,0,12
3,연세대,0,0,0,0,0,0,0,0,10
3,서울대,0,0,0,0,0,0,0,0,9
3,성균관대,0,0,0,0,0,0,0,0,6
3,경찰대,0,0,0,0,0,0,0,0,6
3,중앙대,0,0,0,0,0,0,0,0,5
3,서강대,0,0,0,0,0,0,0,0,5
3,영남대,0,0,0,0,0,0,0,0,4
3,한동대,0,0,0,0,0,0,0,0,3
3,한국외대,0,0,0,0,0,0,0,0,2
3,경희대,0,0,0,0,0,0,0,0,2
3,대구가톨릭대,0,0,0,0,0,0,0,0,1
3,동국대,0,0,0,0,0,0,0,0,1
3,동덕여대,0,0,0,0,0,0,0,0,1
3,동아대,0,0,0,0,0,0,0,0,1
3,숙명여대,0,0,0,0,0,0,0,0,1
3,포항공대,0,0,0,0,0,0,0,0,1
3,홍익대,0,0,0,0,0,0,0,0,1
4,경찰대,0,0,0,0,0,0,0,0,1
4,경희대,0,0,0,0,0,0,0,0,12
4,고려대,0,0,0,0,0,0,0,0,13
4,단국대,0,0,0,0,0,0,0,0,1
4,동국대,0,0,0,0,0,0,0,0,4
4,서울대,0,0,0,0,0,0,0,0,12
4,성균관대,0,0,0,0,0,0,0,0,1
4,성신여대,0,0,0,0,0,0,0,0,1
4,세종대,0,0,0,0,0,0,0,0,1
4,숙명여대,0,0,0,0,0,0,0,0,6
4,연세대,0,0,0,0,0,0,0,0,3
4,이화여대,0,0,0,0,0,0,0,0,2
4,한국항공대,0,0,0,0,0,0,0,0,1
4,한양대,0,0,0,0,0,0,0,0,6
4,홍익대,0,0,0,0,0,0,0,0,2
20,Northwestern University,0,0,0,1,0,0,0,0,0
20,University of Denver,0,1,0,0,0,0,0,0,0
20,indiana university bloomington,0,0,0,0,1,0,0,0,0
20,Newcastle University,0,0,0,0,1,0,0,0,0
20,University of Western,0,0,0,0,0,0,1,0,0
20,Pennsylvania state University,0,0,0,0,0,0,0,1,0
20,the pennsylvania state university,0,0,0,0,0,0,0,0,2
21,카이스트,0,1,0,4,2,1,0,0,1
6,가천대,0,0,0,0,0,0,0,0,1
6,건국대,0,0,0,0,0,0,0,0,1
6,경희대,0,0,0,0,0,0,0,0,5
6,고려대,0,0,0,0,0,0,0,0,7
6,국민대,0,0,0,0,0,0,0,0,1
6,단국대,0,0,0,0,0,0,0,0,1
6,대외경제무역대학교,0,0,0,0,0,0,0,0,1
6,동국대,0,0,0,0,0,0,0,0,1
6,동아대,0,0,0,0,0,0,0,0,8
6,홍익대,0,0,0,0,0,0,0,0,1
6,부산대,0,0,0,0,0,0,0,0,4
6,서강대,0,0,0,0,0,0,0,0,2
6,서울대,0,0,0,0,0,0,0,0,1
6,성균관대,0,0,0,0,0,0,0,0,4
6,성신여대,0,0,0,0,0,0,0,0,1
6,숙명여대,0,0,0,0,0,0,0,0,3
6,아주대,0,0,0,0,0,0,0,0,1
6,연세대,0,0,0,0,0,0,0,0,5
6,울산과기대,0,0,0,0,0,0,0,0,1
6,울산대,0,0,0,0,0,0,0,0,3
6,이화여대,0,0,0,0,0,0,0,0,7
21,Eash China University of Political Science and Law,0,0,0,0,0,0,0,1,0
6,중앙대,0,0,0,0,0,0,0,0,2
6,충남대,0,0,0,0,0,0,0,0,1
6,한국외대,0,0,0,0,0,0,0,0,4
6,한국항공대,0,0,0,0,0,0,0,0,1
6,한양대,0,0,0,0,0,0,0,0,4
7,건국대,0,0,0,0,0,0,0,0,1
7,경희대,0,0,0,0,0,0,0,0,1
7,고려대,0,0,0,0,0,0,0,0,23
7,공군사관학교,0,0,0,0,0,0,0,0,1
7,동아대,0,0,0,0,0,0,0,0,2
7,부경대,0,0,0,0,0,0,0,0,1
7,부산교대,0,0,0,0,0,0,0,0,1
7,부산대,0,0,0,0,0,0,0,0,21
7,서강대,0,0,0,0,0,0,0,0,4
7,서울대,0,0,0,0,0,0,0,0,14
7,서울시립대,0,0,0,0,0,0,0,0,1
7,성균관대,0,0,0,0,0,0,0,0,8
21,University of Maryland,0,0,0,0,0,1,0,0,0
7,연세대,0,0,0,0,0,0,0,0,24
7,영남대,0,0,0,0,0,0,0,0,1
7,울산과학기술원,0,0,0,0,0,0,0,0,1
7,이화여대,0,0,0,0,0,0,0,0,8
7,전남대,0,0,0,0,0,0,0,0,1
7,중앙대,0,0,0,0,0,0,0,0,1
7,충남대,0,0,0,0,0,0,0,0,1
7,한국과학기술원,0,0,0,0,0,0,0,0,2
7,한국외대,0,0,0,0,0,0,0,0,1
7,한국항공대,0,0,0,0,0,0,0,0,1
7,한국해양대,0,0,0,0,0,0,0,0,1
7,한양대,0,0,0,0,0,0,0,0,10
9,건국대,0,0,0,0,0,0,0,0,1
9,경찰대,0,0,0,0,0,0,0,0,1
9,고려대,0,0,0,0,0,0,0,0,17
9,서강대,0,0,0,0,0,0,0,0,1
9,서울대,0,0,0,0,0,0,0,0,97
9,성균관대,0,0,0,0,0,0,0,0,4
9,연세대,0,0,0,0,0,0,0,0,20
9,중앙대,0,0,0,0,0,0,0,0,1
9,한국과학기술원,0,0,0,0,0,0,0,0,2
9,한양대,0,0,0,0,0,0,0,0,3
21,Northwestern University,0,0,0,0,0,0,0,1,0
10,고려대,0,0,0,0,0,0,0,0,10
10,국민대,0,0,0,0,0,0,0,0,1
10,동국대,0,0,0,0,0,0,0,0,2
10,부산대,0,0,0,0,0,0,0,0,1
10,서강대,0,0,0,0,0,0,0,0,5
10,서울대,0,0,0,0,0,0,0,0,4
10,서울시립대,0,0,0,0,0,0,0,0,8
10,성균관대,0,0,0,0,0,0,0,0,1
10,숙명여대,0,0,0,0,0,0,0,0,2
10,숭실대,0,0,0,0,0,0,0,0,1
10,연세대,0,0,0,0,0,0,0,0,6
10,이화여대,0,0,0,0,0,0,0,0,3
10,인천대,0,0,0,0,0,0,0,0,1
10,중앙대,0,0,0,0,0,0,0,0,1
10,한국외대,0,0,0,0,0,0,0,0,1
10,한동대,0,0,0,0,0,0,0,0,3
10,한양대,0,0,0,0,0,0,0,0,4
11,경희대,0,0,0,0,0,0,0,0,1
11,고려대,0,0,0,0,0,0,0,0,7
11,국립경찰대학,0,0,0,0,0,0,0,0,1
11,동국대,0,0,0,0,0,0,0,0,2
11,부산대,0,0,0,0,0,0,0,0,1
11,서강대,0,0,0,0,0,0,0,0,5
11,서울대,0,0,0,0,0,0,0,0,29
11,서울시립대,0,0,0,0,0,0,0,0,2
11,성균관대,0,0,0,0,0,0,0,0,45
11,연세대,0,0,0,0,0,0,0,0,17
11,이화여대,0,0,0,0,0,0,0,0,6
11,전남대,0,0,0,0,0,0,0,0,1
11,중앙대,0,0,0,0,0,0,0,0,4
21,Northwestern University,0,0,0,0,0,0,0,0,0
11,한국외대,0,0,0,0,0,0,0,0,2
11,한국항공대,0,0,0,0,0,0,0,0,1
21,Eash China University of Political Science and Law,0,0,0,0,0,0,0,0,0
12,가천대,0,0,0,0,0,0,0,0,1
12,건국대,0,0,0,0,0,0,0,0,1
12,경찰대,0,0,0,0,0,0,0,0,1
12,경희대,0,0,0,0,0,0,0,0,2
12,고려대,0,0,0,0,0,0,0,0,7
12,동국대,0,0,0,0,0,0,0,0,1
12,동아대,0,0,0,0,0,0,0,0,1
12,서강대,0,0,0,0,0,0,0,0,1
12,서울대,0,0,0,0,0,0,0,0,6
12,성균관대,0,0,0,0,0,0,0,0,4
12,숙명여대,0,0,0,0,0,0,0,0,1
12,아주대,0,0,0,0,0,0,0,0,6
12,연세대,0,0,0,0,0,0,0,0,7
12,이화여대,0,0,0,0,0,0,0,0,2
12,인천대,0,0,0,0,0,0,0,0,1
12,중앙대,0,0,0,0,0,0,0,0,2
12,한국외대,0,0,0,0,0,0,0,0,1
12,한양대,0,0,0,0,0,0,0,0,5
12,홍익대,0,0,0,0,0,0,0,0,1
12,기타4년제 대학,0,0,0,0,0,0,0,0,2
22,카이스트,6,1,0,0,2,0,1,1,0
14,건국대,0,0,0,0,0,0,0,0,3
14,경북대,0,0,0,0,0,0,0,0,3
14,경상대,0,0,0,0,0,0,0,0,1
14,경희대,0,0,0,0,0,0,0,0,1
14,고려대,0,0,0,0,0,0,0,0,7
14,국민대,0,0,0,0,0,0,0,0,3
14,단국대,0,0,0,0,0,0,0,0,2
14,동국대,0,0,0,0,0,0,0,0,1
14,부산대,0,0,0,0,0,0,0,0,1
14,서강대,0,0,0,0,0,0,0,0,3
14,서울대,0,0,0,0,0,0,0,0,8
14,서울시립대,0,0,0,0,0,0,0,0,2
14,성균관대,0,0,0,0,0,0,0,0,4
14,성신여대,0,0,0,0,0,0,0,0,1
14,숙명여대,0,0,0,0,0,0,0,0,1
14,아주대,0,0,0,0,0,0,0,0,1
14,연세대,0,0,0,0,0,0,0,0,8
14,영남대,0,0,0,0,0,0,0,0,4
14,이화여대,0,0,0,0,0,0,0,0,3
14,전남대,0,0,0,0,0,0,0,0,1
14,전북대,0,0,0,0,0,0,0,0,1
14,중앙대,0,0,0,0,0,0,0,0,2
14,충북대,0,0,0,0,0,0,0,0,1
14,포항공대,0,0,0,0,0,0,0,0,1
14,한국외대,0,0,0,0,0,0,0,0,1
14,한양대,0,0,0,0,0,0,0,0,6
22,Kobe University,1,0,0,0,0,0,0,0,0
15,건국대,0,0,0,0,0,0,0,0,4
15,경기대,0,0,0,0,0,0,0,0,1
15,경희대,0,0,0,0,0,0,0,0,1
15,고려대,0,0,0,0,0,0,0,0,2
15,광운대,0,0,0,0,0,0,0,0,2
15,학점은행,0,0,0,0,0,0,0,0,1
15,동국대,0,0,0,0,0,0,0,0,2
15,부산대,0,0,0,0,0,0,0,0,1
15,서강대,0,0,0,0,0,0,0,0,3
15,서울대,0,0,0,0,0,0,0,0,1
15,수원대,0,0,0,0,0,0,0,0,1
15,숭실대,0,0,0,0,0,0,0,0,2
15,아주대,0,0,0,0,0,0,0,0,1
15,연세대,0,0,0,0,0,0,0,0,4
15,원광대,0,0,0,0,0,0,0,0,4
15,이화여대,0,0,0,0,0,0,0,0,2
15,인하대,0,0,0,0,0,0,0,0,2
15,전남대,0,0,0,0,0,0,0,0,3
15,전북대,0,0,0,0,0,0,0,0,2
15,조선대,0,0,0,0,0,0,0,0,2
15,중앙대,0,0,0,0,0,0,0,0,3
15,한국방통대,0,0,0,0,0,0,0,0,1
15,한국외대,0,0,0,0,0,0,0,0,6
15,한국해양대,0,0,0,0,0,0,0,0,1
15,한양대,0,0,0,0,0,0,0,0,3
15,홍익대,0,0,0,0,0,0,0,0,2
22,University of Michigan,0,1,0,0,0,0,0,0,0
17,가톨릭대,0,0,0,0,0,0,0,0,1
17,건국대,0,0,0,0,0,0,0,0,1
17,고려대,0,0,0,0,0,0,0,0,4
17,단국대,0,0,0,0,0,0,0,0,1
17,동국대,0,0,0,0,0,0,0,0,1
17,부산대,0,0,0,0,0,0,0,0,1
17,서강대,0,0,0,0,0,0,0,0,1
17,서경대,0,0,0,0,0,0,0,0,1
17,서울대,0,0,0,0,0,0,0,0,4
17,서울시립대,0,0,0,0,0,0,0,0,2
17,성균관대,0,0,0,0,0,0,0,0,4
17,성신여대,0,0,0,0,0,0,0,0,2
17,숭실대,0,0,0,0,0,0,0,0,3
17,아주대,0,0,0,0,0,0,0,0,1
17,연세대,0,0,0,0,0,0,0,0,2
17,이화여대,0,0,0,0,0,0,0,0,5
17,인천대,0,0,0,0,0,0,0,0,1
17,인하대,0,0,0,0,0,0,0,0,6
17,중앙대,0,0,0,0,0,0,0,0,1
17,한국항공대,0,0,0,0,0,0,0,0,2
17,한동대,0,0,0,0,0,0,0,0,1
17,한양대,0,0,0,0,0,0,0,0,3
17,홍익대,0,0,0,0,0,0,0,0,4
22,University of Texas,0,0,0,1,0,0,0,0,0
18,건국대,0,0,0,0,0,0,0,0,1
18,경기대,0,0,0,0,0,0,0,0,1
18,경상대,0,0,0,0,0,0,0,0,1
18,경희대,0,0,0,0,0,0,0,0,6
18,고려대,0,0,0,0,0,0,0,0,7
18,광운대,0,0,0,0,0,0,0,0,2
18,국민대,0,0,0,0,0,0,0,0,4
18,금강대,0,0,0,0,0,0,0,0,1
18,덕성여대,0,0,0,0,0,0,0,0,1
18,동국대,0,0,0,0,0,0,0,0,3
18,명지대,0,0,0,0,0,0,0,0,1
18,부산대,0,0,0,0,0,0,0,0,1
18,서강대,0,0,0,0,0,0,0,0,4
18,서울대,0,0,0,0,0,0,0,0,4
18,성균관대,0,0,0,0,0,0,0,0,13
18,성신여대,0,0,0,0,0,0,0,0,1
18,숙명여대,0,0,0,0,0,0,0,0,4
18,숭실대,0,0,0,0,0,0,0,0,1
18,연세대,0,0,0,0,0,0,0,0,9
18,영산대,0,0,0,0,0,0,0,0,1
18,이화여대,0,0,0,0,0,0,0,0,11
18,전남대,0,0,0,0,0,0,0,0,18
18,전남대(여수),0,0,0,0,0,0,0,0,1
18,조선대,0,0,0,0,0,0,0,0,7
18,중앙대,0,0,0,0,0,0,0,0,2
18,한국외대,0,0,0,0,0,0,0,0,6
18,한동대,0,0,0,0,0,0,0,0,4
18,한양대,0,0,0,0,0,0,0,0,2
18,홍익대,0,0,0,0,0,0,0,0,8
19,아주대,0,0,0,0,0,0,0,0,1
19,한국항공대,0,0,0,0,0,0,0,0,1
19,한동대,0,0,0,0,0,0,0,0,1
19,전남대,0,0,0,0,0,0,0,0,2
19,경북대,0,0,0,0,0,0,0,0,2
19,부산대,0,0,0,0,0,0,0,0,1
19,가톨릭대,0,0,0,0,0,0,0,0,1
19,건국대,0,0,0,0,0,0,0,0,1
19,경희대,0,0,0,0,0,0,0,0,4
19,고려대,0,0,0,0,0,0,0,0,7
19,국민대,0,0,0,0,0,0,0,0,3
19,국가평생교육진흥원,0,0,0,0,0,0,0,0,2
19,단국대,0,0,0,0,0,0,0,0,5
19,덕성여대,0,0,0,0,0,0,0,0,1
19,동국대,0,0,0,0,0,0,0,0,1
19,서울대,0,0,0,0,0,0,0,0,1
19,서울시립대,0,0,0,0,0,0,0,0,1
19,성균관대,0,0,0,0,0,0,0,0,6
19,숙명여대,0,0,0,0,0,0,0,0,4
19,숭실대,0,0,0,0,0,0,0,0,1
19,연세대,0,0,0,0,0,0,0,0,2
19,이화여대,0,0,0,0,0,0,0,0,5
19,중앙대,0,0,0,0,0,0,0,0,2
19,한국외대,0,0,0,0,0,0,0,0,5
19,한양대,0,0,0,0,0,0,0,0,2
19,홍익대,0,0,0,0,0,0,0,0,2
22,University of British Col,0,0,1,0,0,0,0,0,0
19,원광대,0,0,0,0,0,0,0,0,2
19,전북대,0,0,0,0,0,0,0,0,12
19,서강대,0,0,0,0,0,0,0,0,1
20,가톨릭대,0,0,0,0,0,0,0,0,1
20,경북대,0,0,0,0,0,0,0,0,2
20,고려대,0,0,0,0,0,0,0,0,3
20,국민대,0,0,0,0,0,0,0,0,2
20,덕성여대,0,0,0,0,0,0,0,0,1
20,동국대,0,0,0,0,0,0,0,0,1
20,동아대,0,0,0,0,0,0,0,0,1
20,동의대,0,0,0,0,0,0,0,0,1
20,부산대,0,0,0,0,0,0,0,0,1
20,서강대,0,0,0,0,0,0,0,0,1
20,서울시립대,0,0,0,0,0,0,0,0,1
20,성균관대,0,0,0,0,0,0,0,0,1
20,성신여대,0,0,0,0,0,0,0,0,3
20,숙명여대,0,0,0,0,0,0,0,0,1
20,숭실대,0,0,0,0,0,0,0,0,1
20,영남대,0,0,0,0,0,0,0,0,1
20,영산대,0,0,0,0,0,0,0,0,1
20,인제대,0,0,0,0,0,0,0,0,2
20,인하대,0,0,0,0,0,0,0,0,2
20,제주대,0,0,0,0,0,0,0,0,4
20,한국방통대,0,0,0,0,0,0,0,0,1
20,한국외대,0,0,0,0,0,0,0,0,3
20,한국항공대,0,0,0,0,0,0,0,0,1
20,한양대,0,0,0,0,0,0,0,0,2
22,Babson College,0,0,0,0,0,0,0,0,1
22,Sophia University,0,0,0,0,0,0,0,0,1
21,고려대,0,0,0,0,0,0,0,0,8
23,카이스트,0,0,0,0,0,0,1,0,0
21,서울대,0,0,0,0,0,0,0,0,3
21,성균관대,0,0,0,0,0,0,0,0,7
21,연세대,0,0,0,0,0,0,0,0,5
21,이화여대,0,0,0,0,0,0,0,0,5
21,중앙대,0,0,0,0,0,0,0,0,17
21,한양대,0,0,0,0,0,0,0,0,1
23,University of Sydney,1,0,0,0,0,0,0,0,0
22,가톨릭대,0,0,0,0,0,0,0,0,1
22,건국대,0,0,0,0,0,0,0,0,2
22,경기대,0,0,0,0,0,0,0,0,1
22,경희대,0,0,0,0,0,0,0,0,6
22,고려대,0,0,0,0,0,0,0,0,6
22,공군사관학교,0,0,0,0,0,0,0,0,1
22,공주교대,0,0,0,0,0,0,0,0,1
22,공주대,0,0,0,0,0,0,0,0,1
22,광운대,0,0,0,0,0,0,0,0,2
22,국민대,0,0,0,0,0,0,0,0,1
22,단국대,0,0,0,0,0,0,0,0,3
22,덕성여대,0,0,0,0,0,0,0,0,1
22,동아대,0,0,0,0,0,0,0,0,1
22,목원대,0,0,0,0,0,0,0,0,1
22,부산대,0,0,0,0,0,0,0,0,1
22,한양대,0,0,0,0,0,0,0,0,2
22,한양대 안산캠퍼스,0,0,0,0,0,0,0,0,1
22,홍익대,0,0,0,0,0,0,0,0,7
22,한동대,0,0,0,0,0,0,0,0,1
22,서강대,0,0,0,0,0,0,0,0,3
22,서울대,0,0,0,0,0,0,0,0,4
22,성균관대,0,0,0,0,0,0,0,0,10
22,성신여대,0,0,0,0,0,0,0,0,2
22,숙명여대,0,0,0,0,0,0,0,0,3
22,연세대,0,0,0,0,0,0,0,0,7
22,연세대 원주캠퍼스,0,0,0,0,0,0,0,0,2
22,이화여대,0,0,0,0,0,0,0,0,9
22,인천대,0,0,0,0,0,0,0,0,2
22,인하대,0,0,0,0,0,0,0,0,1
23,University of Arizona,0,1,0,0,0,0,0,0,0
22,전북대,0,0,0,0,0,0,0,0,1
22,중앙대,0,0,0,0,0,0,0,0,3
22,청주대,0,0,0,0,0,0,0,0,1
22,충남대,0,0,0,0,0,0,0,0,8
22,충북대,0,0,0,0,0,0,0,0,1
22,한국과학기술원,0,0,0,0,0,0,0,0,4
22,한국외대,0,0,0,0,0,0,0,0,2
22,한국정보통신대,0,0,0,0,0,0,0,0,1
22,한남대,0,0,0,0,0,0,0,0,2
23,University of California,0,0,0,0,0,0,0,1,0
23,Stony Brook Universi,0,0,0,0,0,0,0,1,0
23,University of Toronto,0,1,0,0,0,0,0,0,0
23,건국대,0,0,0,0,0,0,0,0,1
23,건국대 충주캠퍼스,0,0,0,0,0,0,0,0,1
23,경희대,0,0,0,0,0,0,0,0,6
23,고려대,0,0,0,0,0,0,0,0,4
23,고려대 세종캠퍼스,0,0,0,0,0,0,0,0,1
23,국민대,0,0,0,0,0,0,0,0,3
23,단국대,0,0,0,0,0,0,0,0,1
23,동국대,0,0,0,0,0,0,0,0,2
23,부산대,0,0,0,0,0,0,0,0,1
23,서강대,0,0,0,0,0,0,0,0,2
23,한양대,0,0,0,0,0,0,0,0,3
23,홍익대,0,0,0,0,0,0,0,0,2
23,성균관대,0,0,0,0,0,0,0,0,4
23,성신여대,0,0,0,0,0,0,0,0,1
23,세종대,0,0,0,0,0,0,0,0,1
23,숙명여대,0,0,0,0,0,0,0,0,4
23,아주대,0,0,0,0,0,0,0,0,1
23,연세대,0,0,0,0,0,0,0,0,6
23,영남대,0,0,0,0,0,0,0,0,1
23,이화여대,0,0,0,0,0,0,0,0,7
23,중앙대,0,0,0,0,0,0,0,0,3
23,충남대,0,0,0,0,0,0,0,0,4
23,충북대,0,0,0,0,0,0,0,0,6
23,한국외대,0,0,0,0,0,0,0,0,2
23,한국항공대,0,0,0,0,0,0,0,0,1
23,한동대,0,0,0,0,0,0,0,0,1
23,한밭대,0,0,0,0,0,0,0,0,2
24,경원대,0,0,0,0,0,0,0,0,1
24,경찰대,0,0,0,0,0,0,0,0,1
24,고려대,0,0,0,0,0,0,0,0,8
24,단국대,0,0,0,0,0,0,0,0,1
24,독학사,0,0,0,0,0,0,0,0,1
24,동국대,0,0,0,0,0,0,0,0,2
24,서강대,0,0,0,0,0,0,0,0,3
24,서울대,0,0,0,0,0,0,0,0,1
24,서울시립대,0,0,0,0,0,0,0,0,1
24,성균관대,0,0,0,0,0,0,0,0,4
24,성신여대,0,0,0,0,0,0,0,0,1
24,숭실대,0,0,0,0,0,0,0,0,1
24,연세대,0,0,0,0,0,0,0,0,9
24,이화여대,0,0,0,0,0,0,0,0,1
24,중앙대,0,0,0,0,0,0,0,0,1
24,학점은행,0,0,0,0,0,0,0,0,1
24,한국과학기술원,0,0,0,0,0,0,0,0,1
24,한국외대,0,0,0,0,0,0,0,0,12
24,한양대,0,0,0,0,0,0,0,0,4
24,홍익대,0,0,0,0,0,0,0,0,1
23,Pennsylvania state University,0,0,0,0,0,0,0,0,1
23,UC Berkeley,0,0,0,0,0,0,0,0,1
8,연세대,0,0,0,0,0,0,0,0,15
8,고려대,0,0,0,0,0,0,0,0,15
8,서울대,0,0,0,0,0,0,0,0,6
8,서강대,0,0,0,0,0,0,0,0,3
8,이화여대,0,0,0,0,0,0,0,0,1
8,인제대,0,0,0,0,0,0,0,0,1
16,서울대,0,0,0,0,0,0,0,0,14
16,연세대,0,0,0,0,0,0,0,0,21
16,고려대,0,0,0,0,0,0,0,0,24
16,이화여대,0,0,0,0,0,0,0,0,29
23,UCLA,0,0,0,0,0,0,0,0,1
16,서강대,0,0,0,0,0,0,0,0,4
16,경희대,0,0,0,0,0,0,0,0,1
16,경찰대,0,0,0,0,0,0,0,0,1
16,성균관대,0,0,0,0,0,0,0,0,1
24,카이스트,1,0,0,1,0,0,0,0,0
24,saint-petersburg state university,1,0,0,0,0,0,0,0,0
24,University of Michigan,0,0,0,0,0,1,0,0,0
24,University of Warwick,1,0,0,0,0,0,0,0,0
16,건국대,0,0,0,0,0,0,0,0,1
24,Peking University,0,0,0,0,1,0,0,0,0
16,숙명여대,0,0,0,0,0,0,0,0,2
5,고려대,0,0,0,0,0,0,0,0,64
5,서울대,0,0,0,0,0,0,0,0,44
5,연세대,0,0,0,0,0,0,0,0,5
25,카이스트,2,6,2,1,0,2,0,0,0
5,한양대,0,0,0,0,0,0,0,0,2
25,Pennsylvania state University,1,0,0,0,0,0,0,0,0
25,Ohio State University,0,0,1,0,0,0,0,0,0
25,UNC-Chapel Hill,0,0,0,0,1,0,0,0,0
5,이화여대,0,0,0,0,0,0,0,0,1
5,포항공대,0,0,0,0,0,0,0,0,1
13,서울대,0,0,0,0,0,0,0,0,44
13,연세대,0,0,0,0,0,0,0,0,59
13,고려대,0,0,0,0,0,0,0,0,7
25,Duke University,0,0,0,0,0,0,0,1,0
25,Johns Hopkins,0,0,0,0,0,0,0,1,0
25,university of pennsylvania,0,0,0,0,0,0,0,1,0
13,한양대,0,0,0,0,0,0,0,0,4
13,성균관대,0,0,0,0,0,0,0,0,2
13,이화여대,0,0,0,0,0,0,0,0,1
13,서강대,0,0,0,0,0,0,0,0,2
13,홍익대,0,0,0,0,0,0,0,0,1
25,University of California,0,0,0,0,0,1,0,0,0
13,동국대,0,0,0,0,0,0,0,0,1
13,포항공대,0,0,0,0,0,0,0,0,1
13,육군사관학교,0,0,0,0,0,0,0,0,1
13,경찰대,0,0,0,0,0,0,0,0,1
13,경희대,0,0,0,0,0,0,0,0,1
13,숙명여대,0,0,0,0,0,0,0,0,1
2,홍익대,0,0,0,0,0,0,0,0,4
2,고려대,0,0,0,0,0,0,0,0,2
2,건국대,0,0,0,0,0,0,0,0,7
2,서울대,0,0,0,0,0,0,0,0,3
2,이화여대,0,0,0,0,0,0,0,0,3
2,서강대,0,0,0,0,0,0,0,0,2
2,육군사관학교,0,0,0,0,0,0,0,0,1
2,가천대,0,0,0,0,0,0,0,0,1
2,한동대,0,0,0,0,0,0,0,0,1
2,연세대,0,0,0,0,0,0,0,0,3
2,한국외대,0,0,0,0,0,0,0,0,1
2,숙명여대,0,0,0,0,0,0,0,0,1
2,독학사,0,0,0,0,0,0,0,0,1
6,가천대 ,0,0,0,0,0,0,0,0,0
6,건국대 ,3,0,0,1,1,1,2,0,0
6,강릉원주대 ,0,0,0,0,0,0,0,1,0
6,경기대 ,0,1,0,0,0,0,0,0,0
6,경남대 ,0,0,0,1,1,0,0,0,0
6,경북대 ,1,3,5,3,1,1,3,0,0
6,정상대 ,0,0,0,1,1,0,0,0,0
6,경성대 ,0,0,1,0,0,0,0,0,0
6,경찰대 ,0,0,0,0,1,0,0,0,0
6,경희대 ,2,4,3,4,5,2,0,2,0
6,고려대 ,9,10,6,9,6,14,11,2,0
6,국민대 ,0,1,0,0,2,0,0,0,0
6,단국대 ,0,1,0,0,0,0,0,0,0
6,대구가톨릭대,0,0,0,0,0,0,0,1,0
6,대구대 ,0,0,0,0,0,1,0,0,0
6,대구교대 ,0,0,0,0,0,0,1,0,0
6,동국대 ,0,0,2,0,1,0,0,0,0
6,동서대 ,0,0,0,0,1,0,0,0,0
6,동아대,4,12,14,8,9,14,16,18,0
6,동의대 ,0,0,0,0,1,0,0,0,0
6,명지대 ,1,1,0,0,0,0,0,0,0
6,부경대 ,0,0,0,0,1,0,0,1,0
6,부산대,10,2,4,1,5,3,5,4,0
6,부산외국어대 ,0,1,0,0,0,0,0,0,0
6,서강대 ,0,0,4,2,0,1,2,0,0
6,서울대 ,4,6,4,5,2,10,7,6,0
6,서울시립대 ,2,1,0,1,0,0,0,0,0
6,성균관대 ,9,4,5,5,5,7,6,9,0
6,성신여대 ,0,0,0,0,2,0,0,0,0
6,세명대 ,1,0,0,0,0,0,0,0,0
6,세종대 ,0,0,0,0,0,0,0,1,0
6,숙명여대 ,0,2,4,2,4,0,0,1,0
6,숭실대 ,0,0,0,0,0,1,0,2,0
6,순천대 ,0,1,0,0,0,0,0,0,0
6,순천향대 ,0,0,0,1,0,0,0,0,0
6,숭실대 ,0,0,0,0,2,0,0,0,0
6,아주대 ,1,0,1,0,0,0,0,0,0
6,연세대 ,8,7,7,8,6,6,11,7,0
21,국민대,0,0,0,0,0,0,0,0,1
